ID Cliente,Zona,País,Tipo de producto,ID Pedido,Unidades,Precio Unitario,Coste unitario,Importe venta total,Importe Coste total
C2421,Europa,United Kingdom,Snacks,242113196,5530,152.58,97.44,843767.4,538843.2
C1908,Europa,Malta,Cárnicos,190800607,994,421.89,364.69,419358.66,362501.86
C7652,Australia y Oceanía,Marshall Islands,Cereales,765228068,6845,205.7,117.11,1408016.5,801617.95
C2326,África,Iran,Frutas,232631909,9806,9.33,6.92,91489.98,67857.52
C5305,Centroamérica y Caribe,Guatemala,Alimento infantil,530560958,3633,255.28,159.42,927432.24,579172.86
C5168,Centroamérica y Caribe,Grenada,Bebida,516876542,4110,47.45,31.79,195019.5,130656.9
C9197,Australia y Oceanía,Fiji,Snacks,919752490,4056,152.58,97.44,618864.48,395216.64
C2876,África,Tunisia ,Cosméticos,287675130,8319,437.2,263.33,3637066.8,2190642.27
C8394,Centroamérica y Caribe,Grenada,Cuidado personal,839443290,8779,81.73,56.67,717507.67,497505.93
C8141,Australia y Oceanía,Australia,Material de oficina,814168298,9347,651.21,524.96,6086859.87,4906801.12
C3212,Norteamérica,Greenland,Cosméticos,321273982,966,437.2,263.33,422335.2,254376.78
C8904,África,Angola,Snacks,890496671,6609,152.58,97.44,1008401.22,643980.96
C5218,África,Zambia,Bebida,521885192,6281,47.45,31.79,298033.45,199672.99
C4358,África,Kenya,Verduras,435800874,2018,154.06,90.93,310893.08,183496.74
C1229,África,Azerbaijan,Frutas,122917544,2888,9.33,6.92,26945.04,19984.96
C4942,África,Mozambique,Cuidado personal,494221532,9989,81.73,56.67,816400.97,566076.63
C7310,Australia y Oceanía,Federated States of Micronesia,Cosméticos,731011664,1451,437.2,263.33,634377.2,382091.83
C5348,Centroamérica y Caribe,Dominican Republic,Snacks,534899270,7436,152.58,97.44,1134584.88,724563.84
C5778,África,Libya,Material de oficina,577808177,5135,651.21,524.96,3343963.35,2695669.6
C2519,Asia,Uzbekistan,Material de oficina,251974713,3772,651.21,524.96,2456364.12,1980149.12
C8199,Asia,Sri Lanka,Cuidado personal,819947707,9602,81.73,56.67,784771.46,544145.34
C4645,África,The Gambia,Cosméticos,464588487,912,437.2,263.33,398726.4,240156.96
C1390,Asia,Myanmar,Snacks,139070880,3019,152.58,97.44,460639.02,294171.36
C4168,Asia,Bhutan,Ropa,416881215,3270,109.28,35.84,357345.6,117196.8
C1418,África,Mali,Verduras,141818320,6047,154.06,90.93,931600.82,549853.71
C4779,África,Burundi,Cuidado personal,477993524,7761,81.73,56.67,634306.53,439815.87
C8598,África,Libya,Ropa,859830653,1852,109.28,35.84,202386.56,66375.68
C3420,África,Nigeria,Ropa,342066037,3797,109.28,35.84,414936.16,136084.48
C7497,Europa,Norway,Doméstico,749748504,6098,668.27,502.54,4075110.46,3064488.92
C8282,África,Kenya,Cosméticos,828239381,3293,437.2,263.33,1439699.6,867145.69
C2932,Australia y Oceanía,Papua New Guinea,Verduras,293212497,6948,154.06,90.93,1070408.88,631781.64
C2806,Asia,North Korea,Cuidado personal,280654180,663,81.73,56.67,54186.99,37572.21
C1968,Europa,Montenegro,Ropa,196863257,5067,109.28,35.84,553721.76,181601.28
C8684,Europa,Norway,Frutas,868451058,2822,9.33,6.92,26329.26,19528.24
C4923,África,Lesotho,Ropa,492341411,3619,109.28,35.84,395484.32,129704.96
C4857,Asia,Indonesia,Cárnicos,485770642,9183,421.89,364.69,3874215.87,3348948.27
C5362,África,Iraq,Bebida,536287581,8268,47.45,31.79,392316.6,262839.72
C8517,Asia,Singapore,Cereales,851753556,1660,205.7,117.11,341462,194402.6
C8103,Asia,South Korea,Verduras,810342395,7177,154.06,90.93,1105688.62,652604.61
C3105,África,Lebanon,Doméstico,310540425,4668,668.27,502.54,3119484.36,2345856.72
C2211,Asia,Myanmar,Frutas,221146476,1011,9.33,6.92,9432.63,6996.12
C1312,Asia,Vietnam,Ropa,131271874,5120,109.28,35.84,559513.6,183500.8
C6003,África,Jordan,Frutas,600340449,2935,9.33,6.92,27383.55,20310.2
C9080,Australia y Oceanía,Palau,Material de oficina,908088529,2430,651.21,524.96,1582440.3,1275652.8
C4045,Centroamérica y Caribe,Antigua and Barbuda ,Cereales,404564940,8611,205.7,117.11,1771282.7,1008434.21
C7601,Australia y Oceanía,Papua New Guinea,Cuidado personal,760131013,8513,81.73,56.67,695767.49,482431.71
C1154,Centroamérica y Caribe,El Salvador,Ropa,115460574,6205,109.28,35.84,678082.4,222387.2
C7315,África,Republic of the Congo,Bebida,731539952,7783,47.45,31.79,369303.35,247421.57
C4396,Australia y Oceanía,Vanuatu,Cárnicos,439667975,6379,421.89,364.69,2691236.31,2326357.51
C2914,Asia,Bangladesh,Ropa,291455972,7154,109.28,35.84,781789.12,256399.36
C5088,África,Burundi,Cereales,508827769,2299,205.7,117.11,472904.3,269235.89
C9340,África,South Sudan,Verduras,934019696,6039,154.06,90.93,930368.34,549126.27
C5795,África,Mozambique,Bebida,579580581,9628,47.45,31.79,456848.6,306074.12
C7783,Centroamérica y Caribe,Saint Kitts and Nevis ,Cárnicos,778371751,6353,421.89,364.69,2680267.17,2316875.57
C2335,África,Rwanda,Verduras,233567035,6531,154.06,90.93,1006165.86,593863.83
C8686,África,Rwanda,Bebida,868652760,2510,47.45,31.79,119099.5,79792.9
C1774,Europa,Moldova ,Verduras,177427756,3671,154.06,90.93,565554.26,333804.03
C6740,Europa,Austria,Cereales,674003350,1424,205.7,117.11,292916.8,166764.64
C4428,Europa,Spain,Ropa,442803370,4212,109.28,35.84,460287.36,150958.08
C7885,Asia,China,Alimento infantil,788564145,2509,255.28,159.42,640497.52,399984.78
C3863,África,Qatar,Cosméticos,386334502,3819,437.2,263.33,1669666.8,1005657.27
C2314,Europa,Georgia,Cuidado personal,231475770,7679,81.73,56.67,627604.67,435168.93
C4896,Asia,Kazakhstan,Doméstico,489661777,656,668.27,502.54,438385.12,329666.24
C9468,África,Namibia,Cuidado personal,946878850,1348,81.73,56.67,110172.04,76391.16
C5594,Centroamérica y Caribe,Jamaica,Cárnicos,559425818,5386,421.89,364.69,2272299.54,1964220.34
C6039,África,Syria,Verduras,603914010,431,154.06,90.93,66399.86,39190.83
C6272,África,Tanzania,Frutas,627267253,1174,9.33,6.92,10953.42,8124.08
C6967,África,Angola,Alimento infantil,696721875,4340,255.28,159.42,1107915.2,691882.8
C9498,Asia,China,Cuidado personal,949826705,3684,81.73,56.67,301093.32,208772.28
C2444,Europa,Hungary,Cuidado personal,244443070,4991,81.73,56.67,407914.43,282839.97
C2087,Europa,Norway,Doméstico,208744800,1080,668.27,502.54,721731.6,542743.2
C2912,Australia y Oceanía,Australia,Cárnicos,291218221,6798,421.89,364.69,2868008.22,2479162.62
C9106,África,Nigeria,Doméstico,910662162,4025,668.27,502.54,2689786.75,2022723.5
C3061,Asia,Thailand,Material de oficina,306187951,6674,651.21,524.96,4346175.54,3503583.04
C3872,Asia,Taiwan,Frutas,387219417,5685,9.33,6.92,53041.05,39340.2
C8834,Asia,India,Verduras,883492887,4033,154.06,90.93,621323.98,366720.69
C6950,Europa,Romania,Bebida,695057189,1723,47.45,31.79,81756.35,54774.17
C1422,Australia y Oceanía,East Timor,Cosméticos,142273652,790,437.2,263.33,345388,208030.7
C5158,Europa,Bosnia and Herzegovina,Cereales,515816104,303,205.7,117.11,62327.1,35484.33
C9266,Europa,Ireland,Cuidado personal,926670873,1359,81.73,56.67,111071.07,77014.53
C5561,Europa,Croatia,Doméstico,556136786,2089,668.27,502.54,1396016.03,1049806.06
C9058,África,Iraq,Alimento infantil,905825173,2653,255.28,159.42,677257.84,422941.26
C8476,Europa,Malta,Material de oficina,847659862,245,651.21,524.96,159546.45,128615.2
C6738,Europa,Ireland,Cárnicos,673877179,4087,421.89,364.69,1724264.43,1490488.03
C7470,África,Madagascar,Alimento infantil,747025954,435,255.28,159.42,111046.8,69347.7
C1499,Europa,Austria,Cosméticos,149967515,7575,437.2,263.33,3311790,1994724.75
C7358,África,Sierra Leone,Cuidado personal,735875689,824,81.73,56.67,67345.52,46696.08
C3782,Europa,Netherlands,Material de oficina,378236806,7531,651.21,524.96,4904262.51,3953473.76
C6208,Europa,Croatia,Cosméticos,620849692,2075,437.2,263.33,907190,546409.75
C8278,Centroamérica y Caribe,Trinidad and Tobago,Snacks,827825677,869,152.58,97.44,132592.02,84675.36
C4335,Asia,South Korea,Doméstico,433588588,7353,668.27,502.54,4913789.31,3695176.62
C2928,Australia y Oceanía,Samoa ,Cárnicos,292874753,7003,421.89,364.69,2954495.67,2553924.07
C4307,Europa,Albania,Material de oficina,430733001,2322,651.21,524.96,1512109.62,1218957.12
C4925,África,Cape Verde,Frutas,492524659,7846,9.33,6.92,73203.18,54294.32
C1939,Europa,Italy,Bebida,193923556,5145,47.45,31.79,244130.25,163559.55
C6709,Europa,Hungary,Bebida,670916020,7815,47.45,31.79,370821.75,248438.85
C4298,Asia,Maldives,Alimento infantil,429800879,6486,255.28,159.42,1655746.08,1033998.12
C2971,África,Mali,Doméstico,297189462,3821,668.27,502.54,2553459.67,1920205.34
C2700,África,Yemen,Cuidado personal,270005595,9511,81.73,56.67,777334.03,538988.37
C8654,Asia,North Korea,Snacks,865485608,5279,152.58,97.44,805469.82,514385.76
C8711,Asia,Uzbekistan,Cereales,871178328,9882,205.7,117.11,2032727.4,1157281.02
C4949,Europa,Latvia,Verduras,494945085,4104,154.06,90.93,632262.24,373176.72
C9149,Asia,Singapore,Snacks,914959704,5764,152.58,97.44,879471.12,561644.16
C2297,Europa,Lithuania,Doméstico,229708516,4709,668.27,502.54,3146883.43,2366460.86
C2079,África,Senegal,Bebida,207990348,7821,47.45,31.79,371106.45,248629.59
C4389,África,South Sudan,Verduras,438916528,4009,154.06,90.93,617626.54,364538.37
C5819,Europa,Bulgaria,Alimento infantil,581910884,9217,255.28,159.42,2352915.76,1469374.14
C8167,África,Seychelles ,Cárnicos,816709744,1417,421.89,364.69,597818.13,516765.73
C4933,Centroamérica y Caribe,Saint Kitts and Nevis ,Doméstico,493361937,5616,668.27,502.54,3753004.32,2822264.64
C3822,Centroamérica y Caribe,Saint Vincent and the Grenadines,Alimento infantil,382228791,8848,255.28,159.42,2258717.44,1410548.16
C4239,Europa,Andorra,Cosméticos,423984134,5182,437.2,263.33,2265570.4,1364576.06
C1796,África,Mali,Cárnicos,179614293,716,421.89,364.69,302073.24,261118.04
C1804,África,Togo,Cuidado personal,180418097,8579,81.73,56.67,701161.67,486171.93
C5780,Asia,Thailand,Cárnicos,578006875,3934,421.89,364.69,1659715.26,1434690.46
C6943,Europa,Moldova ,Doméstico,694304454,8972,668.27,502.54,5995718.44,4508788.88
C3715,Centroamérica y Caribe,Trinidad and Tobago,Alimento infantil,371547162,7917,255.28,159.42,2021051.76,1262128.14
C4222,Asia,Japan,Bebida,422283828,2024,47.45,31.79,96038.8,64342.96
C3793,África,Central African Republic,Cereales,379375779,4578,205.7,117.11,941694.6,536129.58
C7459,África,Azerbaijan,Cuidado personal,745996844,5899,81.73,56.67,482125.27,334296.33
C7456,África,Mauritania,Frutas,745633351,8333,9.33,6.92,77746.89,57664.36
C5720,Europa,Portugal,Snacks,572084128,1261,152.58,97.44,192403.38,122871.84
C9394,África,Liberia,Bebida,939460504,6095,47.45,31.79,289207.75,193760.05
C8321,África,South Sudan,Frutas,832186305,1276,9.33,6.92,11905.08,8829.92
C6549,África,Cameroon,Frutas,654997861,7277,9.33,6.92,67894.41,50356.84
C8829,Centroamérica y Caribe,Cuba,Cárnicos,882943999,1605,421.89,364.69,677133.45,585327.45
C7113,África,Malawi,Frutas,711386048,3795,9.33,6.92,35407.35,26261.4
C3059,Australia y Oceanía,Tuvalu,Bebida,305997836,415,47.45,31.79,19691.75,13192.85
C3527,África,Burundi,Cárnicos,352765691,62,421.89,364.69,26157.18,22610.78
C7079,África,Liberia,Verduras,707988440,8367,154.06,90.93,1289020.02,760811.31
C8482,Asia,Turkmenistan,Verduras,848277413,2992,154.06,90.93,460947.52,272062.56
C3205,África,Uganda,Doméstico,320556437,8628,668.27,502.54,5765833.56,4335915.12
C9920,África,Lebanon,Alimento infantil,992061841,1999,255.28,159.42,510304.72,318680.58
C3003,Europa,Switzerland,Material de oficina,300342452,6861,651.21,524.96,4467951.81,3601750.56
C7032,África,Kuwait,Verduras,703259599,8998,154.06,90.93,1386231.88,818188.14
C2289,Asia,India,Ropa,228987109,1229,109.28,35.84,134305.12,44047.36
C1260,África,Angola,Cereales,126011312,8402,205.7,117.11,1728291.4,983958.22
C8131,Asia,Uzbekistan,Bebida,813131034,2397,47.45,31.79,113737.65,76200.63
C5294,Europa,Latvia,Cuidado personal,529457604,7126,81.73,56.67,582407.98,403830.42
C2844,África,Ghana,Cárnicos,284414851,3530,421.89,364.69,1489271.7,1287355.7
C7077,Europa,Poland,Bebida,707739102,4583,47.45,31.79,217463.35,145693.57
C6994,Asia,Mongolia,Cosméticos,699479186,290,437.2,263.33,126788,76365.7
C5799,Asia,Vietnam,Cereales,579996430,2687,205.7,117.11,552715.9,314674.57
C7399,Europa,United Kingdom,Cereales,739964663,842,205.7,117.11,173199.4,98606.62
C2903,Australia y Oceanía,Vanuatu,Ropa,290370213,5854,109.28,35.84,639725.12,209807.36
C2125,África,Ethiopia,Frutas,212511909,5851,9.33,6.92,54589.83,40488.92
C2080,África,Niger,Frutas,208001077,996,9.33,6.92,9292.68,6892.32
C9487,África,Central African Republic,Cuidado personal,948761546,8480,81.73,56.67,693070.4,480561.6
C9270,África,Cape Verde,Snacks,927029645,7527,152.58,97.44,1148469.66,733430.88
C5053,Norteamérica,United States of America,Cuidado personal,505354201,4393,81.73,56.67,359039.89,248951.31
C5665,África,Sudan,Frutas,566596543,7363,9.33,6.92,68696.79,50951.96
C2639,África,Republic of the Congo,Material de oficina,263930499,1755,651.21,524.96,1142873.55,921304.8
C1708,Australia y Oceanía,Federated States of Micronesia,Frutas,170842397,4917,9.33,6.92,45875.61,34025.64
C9311,África,South Sudan,Frutas,931131064,1229,9.33,6.92,11466.57,8504.68
C1089,África,Cape Verde,Frutas,108907830,7102,9.33,6.92,66261.66,49145.84
C7385,Australia y Oceanía,Palau,Doméstico,738596522,5979,668.27,502.54,3995586.33,3004686.66
C9749,África,Bahrain,Material de oficina,974933469,3333,651.21,524.96,2170482.93,1749691.68
C8429,África,Algeria,Material de oficina,842967498,1670,651.21,524.96,1087520.7,876683.2
C8880,África,Botswana,Cuidado personal,888059937,5525,81.73,56.67,451558.25,313101.75
C8258,África,Seychelles ,Doméstico,825884616,6466,668.27,502.54,4321033.82,3249423.64
C8924,África,The Gambia,Material de oficina,892427861,8091,651.21,524.96,5268940.11,4247451.36
C4939,África,Guinea-Bissau,Material de oficina,493988502,1030,651.21,524.96,670746.3,540708.8
C4571,África,Pakistan,Verduras,457177865,7945,154.06,90.93,1224006.7,722438.85
C7789,África,Mauritania,Cárnicos,778919780,8527,421.89,364.69,3597456.03,3109711.63
C1764,Asia,Thailand,Material de oficina,176450574,4501,651.21,524.96,2931096.21,2362844.96
C1373,África,Afghanistan,Cárnicos,137319076,4621,421.89,364.69,1949553.69,1685232.49
C8693,África,The Gambia,Ropa,869386613,9673,109.28,35.84,1057065.44,346680.32
C8508,África,Oman,Cárnicos,850827014,7476,421.89,364.69,3154049.64,2726422.44
C8801,África,Burkina Faso,Snacks,880126607,7876,152.58,97.44,1201720.08,767437.44
C9260,África,Cameroon,Ropa,926084220,7755,109.28,35.84,847466.4,277939.2
C5778,África,Burkina Faso,Cereales,577811181,6024,205.7,117.11,1239136.8,705470.64
C3947,Europa,Serbia,Snacks,394731318,8624,152.58,97.44,1315849.92,840322.56
C5565,África,Mauritius ,Doméstico,556580960,3529,668.27,502.54,2358324.83,1773463.66
C4134,África,Liberia,Material de oficina,413408935,5745,651.21,524.96,3741201.45,3015895.2
C7355,Europa,Latvia,Cuidado personal,735576570,2308,81.73,56.67,188632.84,130794.36
C5637,Asia,China,Ropa,563757693,7284,109.28,35.84,795995.52,261058.56
C3589,Australia y Oceanía,New Zealand,Verduras,358938634,6773,154.06,90.93,1043448.38,615868.89
C6524,África,Sierra Leone,Snacks,652418220,3904,152.58,97.44,595672.32,380405.76
C6958,Europa,Bulgaria,Material de oficina,695807778,3839,651.21,524.96,2499995.19,2015321.44
C7110,África,Somalia,Material de oficina,711031138,8769,651.21,524.96,5710460.49,4603374.24
C5403,Europa,Spain,Bebida,540324628,2919,47.45,31.79,138506.55,92795.01
C9962,Europa,Cyprus,Cereales,996237075,7544,205.7,117.11,1551800.8,883477.84
C7116,África,Namibia,Ropa,711629807,5929,109.28,35.84,647921.12,212495.36
C1896,Norteamérica,Greenland,Cereales,189676654,8392,205.7,117.11,1726234.4,982787.12
C4538,África,Rwanda,Doméstico,453863942,7281,668.27,502.54,4865673.87,3658993.74
C7979,Centroamérica y Caribe,The Bahamas,Material de oficina,797990500,1977,651.21,524.96,1287442.17,1037845.92
C1361,Europa,Germany,Bebida,136167657,3890,47.45,31.79,184580.5,123663.1
C1528,Europa,Cyprus,Bebida,152819240,1464,47.45,31.79,69466.8,46540.56
C3526,Europa,Luxembourg,Snacks,352681577,5171,152.58,97.44,788991.18,503862.24
C3108,Australia y Oceanía,Tuvalu,Cereales,310803496,2516,205.7,117.11,517541.2,294648.76
C1225,Europa,Bulgaria,Cosméticos,122546327,3036,437.2,263.33,1327339.2,799469.88
C8535,Asia,Bangladesh,Frutas,853583896,3298,9.33,6.92,30770.34,22822.16
C4899,Centroamérica y Caribe,El Salvador,Cuidado personal,489902532,1901,81.73,56.67,155368.73,107729.67
C6878,Asia,China,Verduras,687801063,4474,154.06,90.93,689264.44,406820.82
C9238,Asia,Mongolia,Cárnicos,923890817,8678,421.89,364.69,3661161.42,3164779.82
C7450,Australia y Oceanía,Solomon Islands,Frutas,745095622,9207,9.33,6.92,85901.31,63712.44
C2186,África,Mauritania,Cosméticos,218651807,2783,437.2,263.33,1216727.6,732847.39
C3821,Asia,South Korea,Verduras,382108199,3162,154.06,90.93,487137.72,287520.66
C9933,Asia,Myanmar,Material de oficina,993326127,6130,651.21,524.96,3991917.3,3218004.8
C9804,África,Botswana,Cereales,980479419,4503,205.7,117.11,926267.1,527346.33
C6920,Europa,Portugal,Snacks,692054402,3131,152.58,97.44,477727.98,305084.64
C5468,Europa,Spain,Verduras,546849906,3894,154.06,90.93,599909.64,354081.42
C5839,África,Cote d'Ivoire,Bebida,583977258,703,47.45,31.79,33357.35,22348.37
C9128,Europa,Russia,Alimento infantil,912860286,4499,255.28,159.42,1148504.72,717230.58
C3632,Australia y Oceanía,Federated States of Micronesia,Ropa,363235318,8257,109.28,35.84,902324.96,295930.88
C5351,África,The Gambia,Cárnicos,535151183,1982,421.89,364.69,836185.98,722815.58
C8489,Europa,Luxembourg,Frutas,848969209,7710,9.33,6.92,71934.3,53353.2
C7953,África,Liberia,Frutas,795363223,4507,9.33,6.92,42050.31,31188.44
C3853,África,Burundi,Cosméticos,385319554,3474,437.2,263.33,1518832.8,914808.42
C6001,África,Syria,Cereales,600137031,2739,205.7,117.11,563412.3,320764.29
C2414,Norteamérica,United States of America,Ropa,241426980,2463,109.28,35.84,269156.64,88273.92
C8811,Asia,Japan,Alimento infantil,881113231,9840,255.28,159.42,2511955.2,1568692.8
C1114,Asia,Laos,Frutas,111432111,4093,9.33,6.92,38187.69,28323.56
C9949,Europa,Germany,Verduras,994932448,1476,154.06,90.93,227392.56,134212.68
C8144,Norteamérica,Greenland,Cuidado personal,814475572,276,81.73,56.67,22557.48,15640.92
C5232,Centroamérica y Caribe,Jamaica,Cárnicos,523235309,5810,421.89,364.69,2451180.9,2118848.9
C6946,Europa,Switzerland,Verduras,694697988,5427,154.06,90.93,836083.62,493477.11
C1726,Europa,Sweden,Material de oficina,172662436,3507,651.21,524.96,2283793.47,1841034.72
C1212,África,Liberia,Bebida,121239984,6460,47.45,31.79,306527,205363.4
C8748,Australia y Oceanía,Kiribati,Alimento infantil,874854457,7730,255.28,159.42,1973314.4,1232316.6
C5882,Europa,Malta,Cárnicos,588242185,2789,421.89,364.69,1176651.21,1017120.41
C1864,Asia,Philippines,Cuidado personal,186451995,4144,81.73,56.67,338689.12,234840.48
C2148,África,Comoros,Alimento infantil,214845216,6329,255.28,159.42,1615667.12,1008969.18
C3890,Europa,Liechtenstein,Doméstico,389095675,912,668.27,502.54,609462.24,458316.48
C9451,África,Lebanon,Cereales,945189702,1492,205.7,117.11,306904.4,174728.12
C3894,Norteamérica,Greenland,Cereales,389426124,8699,205.7,117.11,1789384.3,1018739.89
C4484,África,Chad,Cereales,448416268,5193,205.7,117.11,1068200.1,608152.23
C2190,Europa,Macedonia,Doméstico,219083964,668,668.27,502.54,446404.36,335696.72
C2186,África,United Arab Emirates,Cosméticos,218665540,6847,437.2,263.33,2993508.4,1803020.51
C1347,África,Qatar,Cereales,134709823,2485,205.7,117.11,511164.5,291018.35
C1750,África,Iraq,Verduras,175078141,8367,154.06,90.93,1289020.02,760811.31
C6179,Europa,Kosovo,Material de oficina,617944324,2312,651.21,524.96,1505597.52,1213707.52
C4617,Asia,Bhutan,Cosméticos,461794698,4168,437.2,263.33,1822249.6,1097559.44
C5754,Centroamérica y Caribe,Cuba,Ropa,575428092,815,109.28,35.84,89063.2,29209.6
C5479,Norteamérica,Mexico,Alimento infantil,547955834,1163,255.28,159.42,296890.64,185405.46
C9388,África,Cote d'Ivoire,Bebida,938801753,1156,47.45,31.79,54852.2,36749.24
C1277,África,Nigeria,Cereales,127702176,8767,205.7,117.11,1803371.9,1026703.37
C1647,Australia y Oceanía,Vanuatu,Material de oficina,164705932,9000,651.21,524.96,5860890,4724640
C9201,África,Kuwait,Verduras,920174348,8893,154.06,90.93,1370055.58,808640.49
C5347,África,Namibia,Cárnicos,534781253,2512,421.89,364.69,1059787.68,916101.28
C3695,África,Egypt,Verduras,369512975,5955,154.06,90.93,917427.3,541488.15
C9556,África,Swaziland,Frutas,955668342,2354,9.33,6.92,21962.82,16289.68
C6448,Centroamérica y Caribe,Antigua and Barbuda ,Cárnicos,644858682,6869,421.89,364.69,2897962.41,2505055.61
C5590,Asia,Sri Lanka,Verduras,559007823,1692,154.06,90.93,260669.52,153853.56
C5403,Europa,Liechtenstein,Bebida,540352094,1047,47.45,31.79,49680.15,33284.13
C5014,África,Angola,Material de oficina,501440322,6189,651.21,524.96,4030338.69,3248977.44
C8751,Asia,Brunei,Doméstico,875133836,404,668.27,502.54,269981.08,203026.16
C3646,Australia y Oceanía,Samoa ,Ropa,364606463,4010,109.28,35.84,438212.8,143718.4
C8933,Australia y Oceanía,Marshall Islands,Frutas,893344533,9354,9.33,6.92,87272.82,64729.68
C8551,África,Democratic Republic of the Congo,Frutas,855146872,5818,9.33,6.92,54281.94,40260.56
C9641,Australia y Oceanía,Tonga,Cosméticos,964124810,4811,437.2,263.33,2103369.2,1266880.63
C2047,África,Mozambique,Snacks,204702174,4777,152.58,97.44,728874.66,465470.88
C7816,África,Kuwait,Cárnicos,781615293,6189,421.89,364.69,2611077.21,2257066.41
C4699,Europa,Romania,Bebida,469912993,6552,47.45,31.79,310892.4,208288.08
C2649,África,South Sudan,Cosméticos,264956605,5402,437.2,263.33,2361754.4,1422508.66
C3324,Asia,Malaysia,Snacks,332419955,9307,152.58,97.44,1420062.06,906874.08
C4582,Centroamérica y Caribe,Costa Rica,Snacks,458289372,6864,152.58,97.44,1047309.12,668828.16
C4988,Europa,Croatia,Cuidado personal,498863685,3705,81.73,56.67,302809.65,209962.35
C8307,Asia,Nepal,Bebida,830754220,7490,47.45,31.79,355400.5,238107.1
C1008,Asia,Tajikistan,Alimento infantil,100884807,2911,255.28,159.42,743120.08,464071.62
C1764,Europa,Serbia,Cárnicos,176491773,6692,421.89,364.69,2823287.88,2440505.48
C2951,África,Angola,Cárnicos,295123946,2589,421.89,364.69,1092273.21,944182.41
C2146,Asia,Japan,Cuidado personal,214642655,6386,81.73,56.67,521927.78,361894.62
C6632,Europa,Iceland,Cárnicos,663221728,903,421.89,364.69,380966.67,329315.07
C1893,Europa,Cyprus,Ropa,189347493,986,109.28,35.84,107750.08,35338.24
C1118,Australia y Oceanía,East Timor,Bebida,111818778,8516,47.45,31.79,404084.2,270723.64
C4697,Asia,Tajikistan,Material de oficina,469746911,7405,651.21,524.96,4822210.05,3887328.8
C4725,África,Somalia,Doméstico,472555720,8594,668.27,502.54,5743112.38,4318828.76
C7499,Europa,Spain,Ropa,749981534,5057,109.28,35.84,552628.96,181242.88
C2020,Europa,Sweden,Cereales,202073180,6799,205.7,117.11,1398554.3,796230.89
C9491,África,Ethiopia,Doméstico,949191987,5857,668.27,502.54,3914057.39,2943376.78
C6820,Asia,Turkmenistan,Cuidado personal,682011783,1297,81.73,56.67,106003.81,73500.99
C3115,Europa,Malta,Ropa,311518895,4219,109.28,35.84,461052.32,151208.96
C8190,África,Malawi,Cosméticos,819012153,2751,437.2,263.33,1202737.2,724420.83
C1061,Europa,Czech Republic,Material de oficina,106102883,7056,651.21,524.96,4594937.76,3704117.76
C6447,Europa,Netherlands,Cárnicos,644714915,4325,421.89,364.69,1824674.25,1577284.25
C9270,Europa,Sweden,Bebida,927084577,3783,47.45,31.79,179503.35,120261.57
C4157,África,Saudi Arabia,Verduras,415760695,1684,154.06,90.93,259437.04,153126.12
C8936,África,Turkey,Cereales,893604600,6314,205.7,117.11,1298789.8,739432.54
C6137,Centroamérica y Caribe,Dominican Republic,Ropa,613790118,2991,109.28,35.84,326856.48,107197.44
C1498,Asia,Uzbekistan,Cuidado personal,149803578,9063,81.73,56.67,740718.99,513600.21
C1454,África,Kuwait,Snacks,145443809,8910,152.58,97.44,1359487.8,868190.4
C8648,Australia y Oceanía,Federated States of Micronesia,Ropa,864822137,8943,109.28,35.84,977291.04,320517.12
C8423,Australia y Oceanía,Samoa ,Material de oficina,842362391,2606,651.21,524.96,1697053.26,1368045.76
C9328,África,Eritrea,Snacks,932800900,5370,152.58,97.44,819354.6,523252.8
C2611,Asia,Singapore,Alimento infantil,261186492,9742,255.28,159.42,2486937.76,1553069.64
C2728,África,Mauritania,Doméstico,272880494,257,668.27,502.54,171745.39,129152.78
C6835,Asia,Bhutan,Ropa,683556735,8483,109.28,35.84,927022.24,304030.72
C8292,África,Republic of the Congo,Bebida,829201543,8018,47.45,31.79,380454.1,254892.22
C1161,Europa,Germany,Bebida,116113746,9493,47.45,31.79,450442.85,301782.47
C2709,África,Tunisia ,Cereales,270904672,5567,205.7,117.11,1145131.9,651951.37
C3904,Asia,Myanmar,Cereales,390498149,5935,205.7,117.11,1220829.5,695047.85
C9921,Europa,Romania,Cosméticos,992130506,2319,437.2,263.33,1013866.8,610662.27
C8633,Europa,Greece,Snacks,863350570,3474,152.58,97.44,530062.92,338506.56
C2120,África,Benin,Cosméticos,212019670,187,437.2,263.33,81756.4,49242.71
C2163,Centroamérica y Caribe,Jamaica,Material de oficina,216311633,274,651.21,524.96,178431.54,143839.04
C7747,Europa,Liechtenstein,Doméstico,774712789,3585,668.27,502.54,2395747.95,1801605.9
C9560,Norteamérica,Greenland,Alimento infantil,956021964,6999,255.28,159.42,1786704.72,1115780.58
C3493,Europa,Romania,Cosméticos,349350488,9428,437.2,263.33,4121921.6,2482675.24
C4141,Asia,China,Cosméticos,414122188,6813,437.2,263.33,2978643.6,1794067.29
C4300,Australia y Oceanía,East Timor,Doméstico,430073392,7129,668.27,502.54,4764096.83,3582607.66
C6472,Europa,Albania,Cuidado personal,647252929,5380,81.73,56.67,439707.4,304884.6
C9360,Asia,Laos,Frutas,936022126,8602,9.33,6.92,80256.66,59525.84
C3370,África,Central African Republic,Material de oficina,337054812,864,651.21,524.96,562645.44,453565.44
C2113,Europa,Netherlands,Cárnicos,211337316,8263,421.89,364.69,3486077.07,3013433.47
C1901,Australia y Oceanía,Solomon Islands,Snacks,190168464,3929,152.58,97.44,599486.82,382841.76
C4251,África,Seychelles ,Ropa,425159585,3024,109.28,35.84,330462.72,108380.16
C2382,Asia,Kazakhstan,Cárnicos,238234508,7740,421.89,364.69,3265428.6,2822700.6
C3716,Europa,Hungary,Cosméticos,371629559,2300,437.2,263.33,1005560,605659
C7378,Asia,Laos,Alimento infantil,737893569,7960,255.28,159.42,2032028.8,1268983.2
C8698,África,Yemen,Ropa,869887864,8005,109.28,35.84,874786.4,286899.2
C3707,Europa,Russia,Cuidado personal,370786273,2753,81.73,56.67,225002.69,156012.51
C2640,Asia,Philippines,Cereales,264075124,4552,205.7,117.11,936346.4,533084.72
C7435,Australia y Oceanía,Marshall Islands,Frutas,743553245,2783,9.33,6.92,25965.39,19258.36
C7233,África,Burkina Faso,Cuidado personal,723331964,8857,81.73,56.67,723882.61,501926.19
C9878,Europa,Kosovo,Snacks,987835109,1215,152.58,97.44,185384.7,118389.6
C1417,Asia,North Korea,Material de oficina,141799008,333,651.21,524.96,216852.93,174811.68
C4602,Asia,Bhutan,Snacks,460272490,3713,152.58,97.44,566529.54,361794.72
C2386,Europa,Switzerland,Material de oficina,238616883,893,651.21,524.96,581530.53,468789.28
C5425,África,Libya,Cuidado personal,542506015,8440,81.73,56.67,689801.2,478294.8
C2579,Centroamérica y Caribe,Honduras,Verduras,257926213,4953,154.06,90.93,763059.18,450376.29
C1411,África,Benin,Alimento infantil,141176307,6061,255.28,159.42,1547252.08,966244.62
C5688,África,Egypt,Cárnicos,568867623,9426,421.89,364.69,3976735.14,3437567.94
C1879,Europa,Cyprus,Bebida,187923991,9740,47.45,31.79,462163,309634.6
C8655,África,Morocco,Cereales,865581738,3726,205.7,117.11,766438.2,436351.86
C9393,Europa,Estonia,Bebida,939389693,5140,47.45,31.79,243893,163400.6
C1672,Asia,South Korea,Alimento infantil,167209184,9768,255.28,159.42,2493575.04,1557214.56
C1772,Asia,Vietnam,Cosméticos,177214038,427,437.2,263.33,186684.4,112441.91
C4178,África,Syria,Snacks,417890584,1965,152.58,97.44,299819.7,191469.6
C4080,Europa,Luxembourg,Ropa,408037650,6263,109.28,35.84,684420.64,224465.92
C1867,Centroamérica y Caribe,Cuba,Cosméticos,186766564,7232,437.2,263.33,3161830.4,1904402.56
C7635,Asia,Maldives,Cárnicos,763501155,5813,421.89,364.69,2452446.57,2119942.97
C9679,Asia,Taiwan,Bebida,967977750,4982,47.45,31.79,236395.9,158377.78
C6002,Europa,Bosnia and Herzegovina,Snacks,600245177,4742,152.58,97.44,723534.36,462060.48
C8806,África,Afghanistan,Cosméticos,880664765,7129,437.2,263.33,3116798.8,1877279.57
C3999,Norteamérica,Canada,Cereales,399910342,1212,205.7,117.11,249308.4,141937.32
C9689,África,Qatar,Cárnicos,968968236,8088,421.89,364.69,3412246.32,2949612.72
C8691,Europa,Malta,Verduras,869137275,5889,154.06,90.93,907259.34,535486.77
C7020,África,Bahrain,Verduras,702028787,4773,154.06,90.93,735328.38,434008.89
C2395,África,Zambia,Frutas,239566600,1935,9.33,6.92,18053.55,13390.2
C6739,Asia,Bangladesh,Ropa,673987042,6598,109.28,35.84,721029.44,236472.32
C5678,África,Egypt,Cárnicos,567838943,5017,421.89,364.69,2116622.13,1829649.73
C8039,Asia,Japan,Ropa,803983628,5477,109.28,35.84,598526.56,196295.68
C5355,Centroamérica y Caribe,Jamaica,Cosméticos,535594928,3296,437.2,263.33,1441011.2,867935.68
C3361,África,Namibia,Alimento infantil,336159169,5823,255.28,159.42,1486495.44,928302.66
C8494,Australia y Oceanía,Federated States of Micronesia,Cárnicos,849475181,7438,421.89,364.69,3138017.82,2712564.22
C5396,África,Iran,Ropa,539654290,4552,109.28,35.84,497442.56,163143.68
C6411,Asia,Malaysia,Cereales,641120326,606,205.7,117.11,124654.2,70968.66
C2086,Asia,Tajikistan,Verduras,208609616,1076,154.06,90.93,165768.56,97840.68
C1671,África,Iran,Cárnicos,167170989,8465,421.89,364.69,3571298.85,3087100.85
C1621,Australia y Oceanía,Samoa ,Cárnicos,162165772,7311,421.89,364.69,3084437.79,2666248.59
C8092,África,Botswana,Cosméticos,809267795,9179,437.2,263.33,4013058.8,2417106.07
C5444,Europa,Austria,Alimento infantil,544463384,7669,255.28,159.42,1957742.32,1222591.98
C5740,África,Syria,Bebida,574051368,3411,47.45,31.79,161851.95,108435.69
C8246,África,Senegal,Frutas,824643075,9066,9.33,6.92,84585.78,62736.72
C3931,África,Mauritius ,Cuidado personal,393162333,4326,81.73,56.67,353563.98,245154.42
C6968,África,Cote d'Ivoire,Frutas,696845471,915,9.33,6.92,8536.95,6331.8
C5232,Centroamérica y Caribe,Belize,Ropa,523241317,7588,109.28,35.84,829216.64,271953.92
C9802,África,Morocco,Cereales,980211198,5131,205.7,117.11,1055446.7,600891.41
C5459,Australia y Oceanía,Australia,Doméstico,545928943,1361,668.27,502.54,909515.47,683956.94
C9188,África,Senegal,Verduras,918880879,6127,154.06,90.93,943925.62,557128.11
C2678,Centroamérica y Caribe,Antigua and Barbuda ,Verduras,267865836,6308,154.06,90.93,971810.48,573586.44
C8819,Europa,Poland,Material de oficina,881995141,817,651.21,524.96,532038.57,428892.32
C6206,Europa,Kosovo,Cuidado personal,620692622,5595,81.73,56.67,457279.35,317068.65
C5636,Asia,Malaysia,Cárnicos,563694608,8616,421.89,364.69,3635004.24,3142169.04
C9610,Centroamérica y Caribe,Guatemala,Bebida,961049926,4885,47.45,31.79,231793.25,155294.15
C7831,Australia y Oceanía,Vanuatu,Material de oficina,783119904,1437,651.21,524.96,935788.77,754367.52
C8705,Centroamérica y Caribe,Nicaragua,Cuidado personal,870578372,2341,81.73,56.67,191329.93,132664.47
C7844,África,Lesotho,Snacks,784411656,3695,152.58,97.44,563783.1,360040.8
C1559,Asia,Turkmenistan,Doméstico,155918586,8629,668.27,502.54,5766501.83,4336417.66
C9367,África,Saudi Arabia,Cosméticos,936710488,2304,437.2,263.33,1007308.8,606712.32
C6487,Asia,Japan,Snacks,648711192,6912,152.58,97.44,1054632.96,673505.28
C9341,Europa,Latvia,Doméstico,934157025,6678,668.27,502.54,4462707.06,3355962.12
C8055,Norteamérica,Greenland,Ropa,805596816,2855,109.28,35.84,311994.4,102323.2
C6958,Centroamérica y Caribe,Costa Rica,Cereales,695891892,8730,205.7,117.11,1795761,1022370.3
C2082,Asia,Japan,Cuidado personal,208216083,4621,81.73,56.67,377674.33,261872.07
C3660,Europa,Cyprus,Cereales,366055715,2875,205.7,117.11,591387.5,336691.25
C4632,África,Pakistan,Cárnicos,463209617,2874,421.89,364.69,1212511.86,1048119.06
C3137,Europa,Monaco,Cosméticos,313789117,6028,437.2,263.33,2635441.6,1587353.24
C7022,Asia,China,Cereales,702218043,779,205.7,117.11,160240.3,91228.69
C2332,Australia y Oceanía,New Zealand,Cárnicos,233232724,7601,421.89,364.69,3206785.89,2772008.69
C2818,Centroamérica y Caribe,Guatemala,Alimento infantil,281881988,3999,255.28,159.42,1020864.72,637520.58
C9435,África,Libya,Snacks,943527162,9509,152.58,97.44,1450883.22,926556.96
C5838,Europa,Liechtenstein,Cárnicos,583842074,699,421.89,364.69,294901.11,254918.31
C7888,África,Democratic Republic of the Congo,Alimento infantil,788813054,6167,255.28,159.42,1574311.76,983143.14
C5147,Asia,Mongolia,Cuidado personal,514738929,1543,81.73,56.67,126109.39,87441.81
C1382,Europa,Bosnia and Herzegovina,Frutas,138231027,4487,9.33,6.92,41863.71,31050.04
C1062,Centroamérica y Caribe,Cuba,Cereales,106213176,9694,205.7,117.11,1994055.8,1135264.34
C4859,Asia,Bhutan,Snacks,485921704,3885,152.58,97.44,592773.3,378554.4
C5149,Asia,Laos,Material de oficina,514905440,817,651.21,524.96,532038.57,428892.32
C8510,Asia,Turkmenistan,Cuidado personal,851025712,6275,81.73,56.67,512855.75,355604.25
C4224,Australia y Oceanía,Papua New Guinea,Alimento infantil,422456347,3076,255.28,159.42,785241.28,490375.92
C4776,África,Qatar,Cosméticos,477683675,6069,437.2,263.33,2653366.8,1598149.77
C5355,Australia y Oceanía,Palau,Ropa,535506522,7135,109.28,35.84,779712.8,255718.4
C6350,Asia,Philippines,Cereales,635036218,184,205.7,117.11,37848.8,21548.24
C8856,Australia y Oceanía,Papua New Guinea,Cárnicos,885696589,6158,421.89,364.69,2597998.62,2245761.02
C1172,África,Liberia,Verduras,117223966,8031,154.06,90.93,1237255.86,730258.83
C8296,África,Iran,Ropa,829667174,5809,109.28,35.84,634807.52,208194.56
C6433,Centroamérica y Caribe,Guatemala,Bebida,643387544,1527,47.45,31.79,72456.15,48543.33
C8490,Australia y Oceanía,Tuvalu,Snacks,849058902,4252,152.58,97.44,648770.16,414314.88
C5576,Asia,Philippines,Material de oficina,557667577,5083,651.21,524.96,3310100.43,2668371.68
C7505,Asia,Singapore,Ropa,750512397,2151,109.28,35.84,235061.28,77091.84
C2292,Asia,Laos,Verduras,229204690,5616,154.06,90.93,865200.96,510662.88
C5656,Europa,Montenegro,Frutas,565668284,2671,9.33,6.92,24920.43,18483.32
C2521,Centroamérica y Caribe,Barbados,Snacks,252139508,2538,152.58,97.44,387248.04,247302.72
C5511,África,Egypt,Snacks,551167190,1474,152.58,97.44,224902.92,143626.56
C5456,África,Sudan,Doméstico,545612657,7765,668.27,502.54,5189116.55,3902223.1
C2886,África,Democratic Republic of the Congo,Snacks,288649737,6727,152.58,97.44,1026405.66,655478.88
C3537,Centroamérica y Caribe,Cuba,Cuidado personal,353764760,5709,81.73,56.67,466596.57,323529.03
C4847,África,Ghana,Frutas,484756553,9091,9.33,6.92,84819.03,62909.72
C9457,Europa,Poland,Bebida,945736443,3285,47.45,31.79,155873.25,104430.15
C2711,África,Saudi Arabia,Bebida,271128261,1732,47.45,31.79,82183.4,55060.28
C2156,Centroamérica y Caribe,Barbados,Alimento infantil,215668332,9907,255.28,159.42,2529058.96,1579373.94
C8044,Europa,Bosnia and Herzegovina,Frutas,804405486,314,9.33,6.92,2929.62,2172.88
C7827,África,Lebanon,Cárnicos,782701051,7489,421.89,364.69,3159534.21,2731163.41
C7662,Europa,Latvia,Doméstico,766228854,3000,668.27,502.54,2004810,1507620
C9909,Australia y Oceanía,Australia,Frutas,990975224,445,9.33,6.92,4151.85,3079.4
C8632,África,Jordan,Cereales,863238990,455,205.7,117.11,93593.5,53285.05
C3096,Europa,United Kingdom,Cuidado personal,309631478,5690,81.73,56.67,465043.7,322452.3
C2270,Centroamérica y Caribe,Haiti,Verduras,227076518,5843,154.06,90.93,900172.58,531303.99
C2328,Asia,South Korea,Cuidado personal,232810437,2637,81.73,56.67,215522.01,149438.79
C9143,África,Niger,Bebida,914382064,4827,47.45,31.79,229041.15,153450.33
C6796,África,Mozambique,Verduras,679652726,3200,154.06,90.93,492992,290976
C7067,Europa,Armenia,Cereales,706796252,5572,205.7,117.11,1146160.4,652536.92
C8942,Europa,Iceland,Frutas,894298970,1793,9.33,6.92,16728.69,12407.56
C3109,Centroamérica y Caribe,Panama,Bebida,310959708,8743,47.45,31.79,414855.35,277939.97
C3458,Europa,Switzerland,Bebida,345889794,5331,47.45,31.79,252955.95,169472.49
C6585,África,Mauritius ,Frutas,658513057,7502,9.33,6.92,69993.66,51913.84
C5285,Europa,Andorra,Material de oficina,528565824,3228,651.21,524.96,2102105.88,1694570.88
C2060,Asia,Bangladesh,Material de oficina,206096923,7514,651.21,524.96,4893191.94,3944549.44
C4614,Australia y Oceanía,Tonga,Ropa,461467683,7397,109.28,35.84,808344.16,265108.48
C3353,Centroamérica y Caribe,Jamaica,Bebida,335351932,6944,47.45,31.79,329492.8,220749.76
C2887,África,Israel,Verduras,288735997,2253,154.06,90.93,347097.18,204865.29
C8529,Europa,France,Cuidado personal,852918708,6454,81.73,56.67,527485.42,365748.18
C3795,África,Benin,Snacks,379511392,4709,152.58,97.44,718499.22,458844.96
C8904,Asia,Philippines,Verduras,890437877,9210,154.06,90.93,1418892.6,837465.3
C4279,Europa,Slovakia,Frutas,427934491,4180,9.33,6.92,38999.4,28925.6
C7045,Asia,Laos,Doméstico,704550063,875,668.27,502.54,584736.25,439722.5
C3531,Australia y Oceanía,Nauru,Cárnicos,353145921,2580,421.89,364.69,1088476.2,940900.2
C7768,África,Benin,Snacks,776895892,9614,152.58,97.44,1466904.12,936788.16
C2992,Centroamérica y Caribe,Guatemala,Verduras,299286305,4323,154.06,90.93,666001.38,393090.39
C9141,Centroamérica y Caribe,Belize,Snacks,914115989,6090,152.58,97.44,929212.2,593409.6
C6354,África,Tunisia ,Alimento infantil,635496270,6323,255.28,159.42,1614135.44,1008012.66
C2478,África,Republic of the Congo,Cárnicos,247850978,3467,421.89,364.69,1462692.63,1264380.23
C1559,Australia y Oceanía,Kiribati,Ropa,155916440,7994,109.28,35.84,873584.32,286504.96
C8347,Europa,Albania,Verduras,834741485,7410,154.06,90.93,1141584.6,673791.3
C5796,Australia y Oceanía,Palau,Cárnicos,579687440,1250,421.89,364.69,527362.5,455862.5
C4564,África,Angola,Cuidado personal,456428134,6083,81.73,56.67,497163.59,344723.61
C2509,África,Swaziland,Snacks,250949895,505,152.58,97.44,77052.9,49207.2
C7195,Centroamérica y Caribe,Barbados,Verduras,719551551,149,154.06,90.93,22954.94,13548.57
C4388,Europa,Sweden,Cosméticos,438844430,2674,437.2,263.33,1169072.8,704144.42
C7557,África,Zambia,Verduras,755752360,2773,154.06,90.93,427208.38,252148.89
C8375,África,Sierra Leone,Ropa,837511670,7169,109.28,35.84,783428.32,256936.96
C8216,África,Sierra Leone,Cosméticos,821671187,9619,437.2,263.33,4205426.8,2532971.27
C4660,Europa,Andorra,Verduras,466092240,5906,154.06,90.93,909878.36,537032.58
C4989,África,Seychelles ,Alimento infantil,498948657,8850,255.28,159.42,2259228,1410867
C3687,Europa,Andorra,Doméstico,368726766,3299,668.27,502.54,2204622.73,1657879.46
C4942,Centroamérica y Caribe,Costa Rica,Bebida,494225394,1132,47.45,31.79,53713.4,35986.28
C9145,África,Burundi,Cosméticos,914555871,6261,437.2,263.33,2737309.2,1648709.13
C8391,Australia y Oceanía,Fiji,Ropa,839142024,9627,109.28,35.84,1052038.56,345031.68
C8977,Norteamérica,Canada,Bebida,897720181,4206,47.45,31.79,199574.7,133708.74
C8903,Asia,Philippines,Bebida,890339171,1,47.45,31.79,47.45,31.79
C2373,Asia,Turkmenistan,Snacks,237360322,9049,152.58,97.44,1380696.42,881734.56
C2294,Europa,Ukraine,Ropa,229457461,417,109.28,35.84,45569.76,14945.28
C8776,Asia,Indonesia,Cuidado personal,877616918,5203,81.73,56.67,425241.19,294854.01
C4631,África,Sao Tome and Principe,Verduras,463137519,1539,154.06,90.93,237098.34,139941.27
C4876,Asia,Indonesia,Cuidado personal,487630593,9584,81.73,56.67,783300.32,543125.28
C7230,Asia,India,Verduras,723019969,6531,154.06,90.93,1006165.86,593863.83
C5615,África,Israel,Alimento infantil,561541974,1604,255.28,159.42,409469.12,255709.68
C3657,África,Qatar,Verduras,365745437,1057,154.06,90.93,162841.42,96113.01
C1184,África,Liberia,Doméstico,118491685,3178,668.27,502.54,2123762.06,1597072.12
C7729,África,South Sudan,Doméstico,772954547,3282,668.27,502.54,2193262.14,1649336.28
C2026,Europa,Latvia,Verduras,202620351,8719,154.06,90.93,1343249.14,792818.67
C8512,Centroamérica y Caribe,Saint Lucia,Frutas,851287925,3869,9.33,6.92,36097.77,26773.48
C2830,África,Mali,Verduras,283068597,5143,154.06,90.93,792330.58,467652.99
C6323,Europa,Portugal,Bebida,632386195,5983,47.45,31.79,283893.35,190199.57
C9539,Asia,Malaysia,Snacks,953977048,1863,152.58,97.44,284256.54,181530.72
C3728,Europa,Spain,Cosméticos,372889983,5287,437.2,263.33,2311476.4,1392225.71
C3344,Europa,Slovenia,Ropa,334486329,793,109.28,35.84,86659.04,28421.12
C5544,África,Jordan,Verduras,554439914,9946,154.06,90.93,1532280.76,904389.78
C3687,Centroamérica y Caribe,Honduras,Doméstico,368737065,6347,668.27,502.54,4241509.69,3189621.38
C9836,África,Lebanon,Material de oficina,983676612,624,651.21,524.96,406355.04,327575.04
C5258,África,Tunisia ,Cereales,525869882,5439,205.7,117.11,1118802.3,636961.29
C7922,Europa,Romania,Frutas,792240703,484,9.33,6.92,4515.72,3349.28
C5000,Europa,Netherlands,Cereales,500025403,7483,205.7,117.11,1539253.1,876334.13
C2367,África,Azerbaijan,Frutas,236772811,5191,9.33,6.92,48432.03,35921.72
C2103,Europa,Slovenia,Doméstico,210344254,4394,668.27,502.54,2936378.38,2208160.76
C6989,África,Chad,Ropa,698913562,2909,109.28,35.84,317895.52,104258.56
C7009,Australia y Oceanía,Nauru,Verduras,700967061,585,154.06,90.93,90125.1,53194.05
C1853,África,Kenya,Ropa,185303580,4302,109.28,35.84,470122.56,154183.68
C5410,Centroamérica y Caribe,Jamaica,Cuidado personal,541034448,2971,81.73,56.67,242819.83,168366.57
C5275,Europa,Bosnia and Herzegovina,Alimento infantil,527583491,2534,255.28,159.42,646879.52,403970.28
C3246,Centroamérica y Caribe,Antigua and Barbuda ,Cuidado personal,324687039,965,81.73,56.67,78869.45,54686.55
C1823,Europa,Romania,Cosméticos,182393920,3269,437.2,263.33,1429206.8,860825.77
C8710,Asia,Kazakhstan,Frutas,871065461,6482,9.33,6.92,60477.06,44855.44
C5313,África,Burkina Faso,Material de oficina,531375491,4671,651.21,524.96,3041801.91,2452088.16
C5243,Centroamérica y Caribe,Saint Lucia,Cereales,524310338,3935,205.7,117.11,809429.5,460827.85
C4811,Centroamérica y Caribe,Jamaica,Snacks,481168830,7404,152.58,97.44,1129702.32,721445.76
C5535,África,Bahrain,Doméstico,553562295,239,668.27,502.54,159716.53,120107.06
C9634,África,Pakistan,Cereales,963414561,4633,205.7,117.11,953008.1,542570.63
C6529,Centroamérica y Caribe,Saint Lucia,Cereales,652961957,4808,205.7,117.11,989005.6,563064.88
C4347,África,Angola,Snacks,434753310,2021,152.58,97.44,308364.18,196926.24
C7416,Europa,Kosovo,Cosméticos,741649949,9556,437.2,263.33,4177883.2,2516381.48
C2768,Europa,Georgia,Frutas,276825702,7732,9.33,6.92,72139.56,53505.44
C9637,Australia y Oceanía,Nauru,Doméstico,963766896,8896,668.27,502.54,5944929.92,4470595.84
C2962,Australia y Oceanía,Solomon Islands,Material de oficina,296272361,2430,651.21,524.96,1582440.3,1275652.8
C7884,Asia,Thailand,Alimento infantil,788453423,9744,255.28,159.42,2487448.32,1553388.48
C5247,Europa,Russia,Cereales,524733912,9280,205.7,117.11,1908896,1086780.8
C8098,Australia y Oceanía,Samoa ,Frutas,809850156,1513,9.33,6.92,14116.29,10469.96
C3188,Australia y Oceanía,Vanuatu,Snacks,318850982,3946,152.58,97.44,602080.68,384498.24
C9470,África,Lesotho,Frutas,947097718,6116,9.33,6.92,57062.28,42322.72
C1602,Australia y Oceanía,Solomon Islands,Bebida,160264194,4591,47.45,31.79,217842.95,145947.89
C4443,Asia,Taiwan,Snacks,444336736,7969,152.58,97.44,1215910.02,776499.36
C7556,Asia,Singapore,Verduras,755614173,1880,154.06,90.93,289632.8,170948.4
C5707,África,Ghana,Verduras,570707833,3985,154.06,90.93,613929.1,362356.05
C3365,Europa,Belarus,Bebida,336541545,8977,47.45,31.79,425958.65,285378.83
C1203,África,Lesotho,Snacks,120351636,3578,152.58,97.44,545931.24,348640.32
C9596,África,Democratic Republic of the Congo,Cereales,959686934,1545,205.7,117.11,317806.5,180934.95
C8124,Europa,San Marino,Frutas,812408769,8663,9.33,6.92,80825.79,59947.96
C4066,África,Mauritius ,Frutas,406690967,7749,9.33,6.92,72298.17,53623.08
C9910,Europa,Kosovo,Verduras,991019856,3653,154.06,90.93,562781.18,332167.29
C2841,África,Tunisia ,Verduras,284194266,8254,154.06,90.93,1271611.24,750536.22
C1253,Europa,Czech Republic,Material de oficina,125325524,5463,651.21,524.96,3557560.23,2867856.48
C6238,Australia y Oceanía,Federated States of Micronesia,Cosméticos,623837459,6222,437.2,263.33,2720258.4,1638439.26
C6094,Europa,Estonia,Doméstico,609466397,3506,668.27,502.54,2342954.62,1761905.24
C7822,Asia,Nepal,Frutas,782261168,7318,9.33,6.92,68276.94,50640.56
C5625,África,Democratic Republic of the Congo,Bebida,562583100,9696,47.45,31.79,460075.2,308235.84
C3411,Asia,Singapore,Snacks,341106021,9707,152.58,97.44,1481094.06,945850.08
C1288,Asia,India,Bebida,128816258,8448,47.45,31.79,400857.6,268561.92
C9070,África,Angola,Cereales,907012641,4051,205.7,117.11,833290.7,474412.61
C5773,Asia,Kyrgyzstan,Alimento infantil,577306497,6676,255.28,159.42,1704249.28,1064287.92
C7116,África,Burundi,Doméstico,711621654,3516,668.27,502.54,2349637.32,1766930.64
C7021,África,South Africa,Material de oficina,702194440,3794,651.21,524.96,2470690.74,1991698.24
C9115,Europa,Georgia,Cereales,911573684,3765,205.7,117.11,774460.5,440919.15
C4226,África,The Gambia,Bebida,422620713,1715,47.45,31.79,81376.75,54519.85
C1885,Asia,Nepal,Doméstico,188509356,2963,668.27,502.54,1980084.01,1489026.02
C7827,Europa,Albania,Verduras,782725942,4855,154.06,90.93,747961.3,441465.15
C1490,Centroamérica y Caribe,Dominica,Material de oficina,149069297,1772,651.21,524.96,1153944.12,930229.12
C3516,África,Oman,Bebida,351650750,126,47.45,31.79,5978.7,4005.54
C8248,África,Ethiopia,Cereales,824894130,3359,205.7,117.11,690946.3,393372.49
C6235,Centroamérica y Caribe,Saint Kitts and Nevis ,Bebida,623535764,6944,47.45,31.79,329492.8,220749.76
C6726,África,The Gambia,Verduras,672624480,3386,154.06,90.93,521647.16,307888.98
C6175,África,Rwanda,Cosméticos,617521607,7221,437.2,263.33,3157021.2,1901505.93
C1739,Asia,Japan,Frutas,173900973,17,9.33,6.92,158.61,117.64
C4777,Europa,Ireland,Verduras,477748906,5373,154.06,90.93,827764.38,488566.89
C9353,Europa,Andorra,Alimento infantil,935364234,3918,255.28,159.42,1000187.04,624607.56
C5733,Asia,Kazakhstan,Snacks,573358285,8313,152.58,97.44,1268397.54,810018.72
C2886,Europa,Italy,Verduras,288654887,8251,154.06,90.93,1271149.06,750263.43
C5984,África,Tanzania,Snacks,598490369,5455,152.58,97.44,832323.9,531535.2
C2904,Centroamérica y Caribe,Antigua and Barbuda ,Ropa,290413558,8680,109.28,35.84,948550.4,311091.2
C4722,África,Qatar,Cosméticos,472285783,8713,437.2,263.33,3809323.6,2294394.29
C5222,África,Jordan,Cárnicos,522280871,3371,421.89,364.69,1422191.19,1229369.99
C3388,Centroamérica y Caribe,El Salvador,Doméstico,338885152,2502,668.27,502.54,1672011.54,1257355.08
C7908,Australia y Oceanía,Tonga,Doméstico,790897452,2986,668.27,502.54,1995454.22,1500584.44
C5674,África,Madagascar,Cárnicos,567429101,3735,421.89,364.69,1575759.15,1362117.15
C2279,África,Seychelles ,Alimento infantil,227903926,691,255.28,159.42,176398.48,110159.22
C8520,África,Swaziland,Bebida,852058255,1827,47.45,31.79,86691.15,58080.33
C8899,Australia y Oceanía,Tonga,Cereales,889940917,2149,205.7,117.11,442049.3,251669.39
C2119,África,Azerbaijan,Bebida,211913239,8692,47.45,31.79,412435.4,276318.68
C5586,África,Madagascar,Cereales,558649051,5523,205.7,117.11,1136081.1,646798.53
C5911,África,Iran,Alimento infantil,591134679,8743,255.28,159.42,2231913.04,1393809.06
C8406,Australia y Oceanía,New Zealand,Cosméticos,840668952,1479,437.2,263.33,646618.8,389465.07
C5588,África,Democratic Republic of the Congo,Doméstico,558863198,8894,668.27,502.54,5943593.38,4469590.76
C8676,Europa,Lithuania,Alimento infantil,867641246,3180,255.28,159.42,811790.4,506955.6
C7092,África,Seychelles ,Cereales,709239423,8561,205.7,117.11,1760997.7,1002578.71
C8962,Europa,Croatia,Cereales,896206557,6291,205.7,117.11,1294058.7,736739.01
C9614,África,Swaziland,Alimento infantil,961403977,9656,255.28,159.42,2464983.68,1539359.52
C5080,Asia,Singapore,Snacks,508005511,8975,152.58,97.44,1369405.5,874524
C5594,Europa,Germany,Frutas,559497487,6595,9.33,6.92,61531.35,45637.4
C4096,Europa,Norway,Cosméticos,409678733,1896,437.2,263.33,828931.2,499273.68
C7726,Asia,Malaysia,Cosméticos,772660577,6290,437.2,263.33,2749988,1656345.7
C6328,Europa,Austria,Bebida,632866847,8219,47.45,31.79,389991.55,261282.01
C3950,Asia,Malaysia,Snacks,395033872,8156,152.58,97.44,1244442.48,794720.64
C5342,África,Lesotho,Cuidado personal,534210479,3607,81.73,56.67,294800.11,204408.69
C2457,África,Benin,Frutas,245757997,4107,9.33,6.92,38318.31,28420.44
C5953,Europa,Greece,Material de oficina,595350253,6225,651.21,524.96,4053782.25,3267876
C4689,Europa,Lithuania,Cereales,468973577,8558,205.7,117.11,1760380.6,1002227.38
C6229,África,Comoros,Cárnicos,622926795,6736,421.89,364.69,2841851.04,2456551.84
C5338,Asia,Myanmar,Doméstico,533821237,8421,668.27,502.54,5627501.67,4231889.34
C6485,África,Ethiopia,Cuidado personal,648580729,8306,81.73,56.67,678849.38,470701.02
C1344,África,Guinea,Cereales,134441602,3112,205.7,117.11,640138.4,364446.32
C9289,Centroamérica y Caribe,Saint Lucia,Cosméticos,928952682,6597,437.2,263.33,2884208.4,1737188.01
C9899,África,Eritrea,Material de oficina,989975297,4545,651.21,524.96,2959749.45,2385943.2
C1456,África,Niger,Cuidado personal,145683276,9774,81.73,56.67,798829.02,553892.58
C5445,Centroamérica y Caribe,Barbados,Cosméticos,544562947,7132,437.2,263.33,3118110.4,1878069.56
C8054,Australia y Oceanía,Tonga,Snacks,805413138,8501,152.58,97.44,1297082.58,828337.44
C9673,Asia,Indonesia,Bebida,967345178,7789,47.45,31.79,369588.05,247612.31
C2397,Asia,Indonesia,Ropa,239782893,5941,109.28,35.84,649232.48,212925.44
C1524,África,Lebanon,Cuidado personal,152462613,5930,81.73,56.67,484658.9,336053.1
C5054,África,Afghanistan,Ropa,505433166,7760,109.28,35.84,848012.8,278118.4
C7190,Europa,Hungary,Frutas,719055879,3468,9.33,6.92,32356.44,23998.56
C2840,África,Gabon,Cosméticos,284004580,2121,437.2,263.33,927301.2,558522.93
C1112,Asia,Mongolia,Material de oficina,111265599,4818,651.21,524.96,3137529.78,2529257.28
C2821,Norteamérica,Canada,Alimento infantil,282137763,9689,255.28,159.42,2473407.92,1544620.38
C4982,África,Afghanistan,Doméstico,498232400,6894,668.27,502.54,4607053.38,3464510.76
C5314,Europa,Liechtenstein,Cereales,531473338,3626,205.7,117.11,745868.2,424640.86
C6740,Centroamérica y Caribe,Honduras,Alimento infantil,674096906,9109,255.28,159.42,2325345.52,1452156.78
C3886,Norteamérica,Mexico,Alimento infantil,388651931,9598,255.28,159.42,2450177.44,1530113.16
C5579,África,Liberia,Material de oficina,557999742,3378,651.21,524.96,2199787.38,1773314.88
C3353,Europa,Ireland,Snacks,335314166,5768,152.58,97.44,880081.44,562033.92
C2940,África,Morocco,Cárnicos,294081532,4115,421.89,364.69,1736077.35,1500699.35
C1781,Centroamérica y Caribe,Dominica,Ropa,178100669,2801,109.28,35.84,306093.28,100387.84
C2514,África,Cameroon,Doméstico,251482903,8234,668.27,502.54,5502535.18,4137914.36
C8486,Asia,Nepal,Cárnicos,848652064,3860,421.89,364.69,1628495.4,1407703.4
C1243,Europa,Albania,Cereales,124344480,5150,205.7,117.11,1059355,603116.5
C8036,Asia,Maldives,Cuidado personal,803608977,4609,81.73,56.67,376693.57,261192.03
C7318,África,Turkey,Ropa,731806886,6775,109.28,35.84,740372,242816
C5246,Australia y Oceanía,New Zealand,Verduras,524612033,3213,154.06,90.93,494994.78,292158.09
C4180,África,Lebanon,Cereales,418010747,7524,205.7,117.11,1547686.8,881135.64
C7183,Europa,Luxembourg,Ropa,718301856,336,109.28,35.84,36718.08,12042.24
C4520,África,Togo,Ropa,452096688,4311,109.28,35.84,471106.08,154506.24
C5163,Europa,Hungary,Cuidado personal,516319072,9142,81.73,56.67,747175.66,518077.14
C5282,Europa,Lithuania,Doméstico,528205335,6551,668.27,502.54,4377836.77,3292139.54
C1753,Asia,Bangladesh,Material de oficina,175304305,5294,651.21,524.96,3447505.74,2779138.24
C5654,Asia,China,Bebida,565477311,6157,47.45,31.79,292149.65,195731.03
C1768,África,Equatorial Guinea,Cárnicos,176898181,6958,421.89,364.69,2935510.62,2537513.02
C7080,Europa,Belgium,Cereales,708053243,7544,205.7,117.11,1551800.8,883477.84
C3277,África,Turkey,Snacks,327741324,4796,152.58,97.44,731773.68,467322.24
C4250,Asia,Indonesia,Cuidado personal,425073754,7625,81.73,56.67,623191.25,432108.75
C6594,Europa,Russia,Frutas,659474360,1973,9.33,6.92,18408.09,13653.16
C3106,Europa,Armenia,Cárnicos,310679471,5814,421.89,364.69,2452868.46,2120307.66
C5287,Centroamérica y Caribe,Belize,Cosméticos,528737914,4153,437.2,263.33,1815691.6,1093609.49
C2840,Europa,Finland,Snacks,284011018,4026,152.58,97.44,614287.08,392293.44
C4171,Australia y Oceanía,Samoa ,Alimento infantil,417172610,9501,255.28,159.42,2425415.28,1514649.42
C4892,África,The Gambia,Cosméticos,489209020,6675,437.2,263.33,2918310,1757727.75
C1314,Europa,Greece,Doméstico,131419074,8679,668.27,502.54,5799915.33,4361544.66
C3954,Europa,Finland,Bebida,395414102,674,47.45,31.79,31981.3,21426.46
C6031,Centroamérica y Caribe,Trinidad and Tobago,Cereales,603117930,4853,205.7,117.11,998262.1,568334.83
C5967,Asia,Vietnam,Frutas,596766889,5439,9.33,6.92,50745.87,37637.88
C2889,Asia,Indonesia,Cuidado personal,288909804,3686,81.73,56.67,301256.78,208885.62
C1124,Europa,Norway,Cereales,112408006,2882,205.7,117.11,592827.4,337511.02
C5704,África,Zimbabwe,Cuidado personal,570435321,3343,81.73,56.67,273223.39,189447.81
C8864,África,Namibia,Alimento infantil,886478078,7418,255.28,159.42,1893667.04,1182577.56
C3543,Australia y Oceanía,Tonga,Cereales,354335105,4487,205.7,117.11,922975.9,525472.57
C5881,Asia,Malaysia,Cárnicos,588117730,5960,421.89,364.69,2514464.4,2173552.4
C5722,África,Egypt,Bebida,572249782,282,47.45,31.79,13380.9,8964.78
C7114,África,Saudi Arabia,Doméstico,711467587,7924,668.27,502.54,5295371.48,3982126.96
C5808,Centroamérica y Caribe,Panama,Material de oficina,580819976,6393,651.21,524.96,4163185.53,3356069.28
C2756,Centroamérica y Caribe,Haiti,Material de oficina,275668275,5223,651.21,524.96,3401269.83,2741866.08
C8616,África,Mauritania,Cereales,861686313,983,205.7,117.11,202203.1,115119.13
C3248,África,The Gambia,Cárnicos,324860417,2271,421.89,364.69,958112.19,828210.99
C3214,Europa,Ireland,Snacks,321489417,4718,152.58,97.44,719872.44,459721.92
C3281,Europa,San Marino,Cosméticos,328184640,5983,437.2,263.33,2615767.6,1575503.39
C7918,África,United Arab Emirates,Material de oficina,791869914,760,651.21,524.96,494919.6,398969.6
C8797,África,Mauritania,Cuidado personal,879781568,5771,81.73,56.67,471663.83,327042.57
C7294,Centroamérica y Caribe,Nicaragua,Cárnicos,729468429,4773,421.89,364.69,2013680.97,1740665.37
C9987,Asia,Malaysia,Ropa,998791825,3551,109.28,35.84,388053.28,127267.84
C6159,África,Zambia,Cosméticos,615925586,4923,437.2,263.33,2152335.6,1296373.59
C8293,África,Malawi,Frutas,829356038,3737,9.33,6.92,34866.21,25860.04
C2578,África,Lesotho,Cuidado personal,257882010,1872,81.73,56.67,152998.56,106086.24
C7406,África,Malawi,Cárnicos,740614831,3241,421.89,364.69,1367345.49,1181960.29
C5869,África,Iraq,Cárnicos,586978328,8786,421.89,364.69,3706725.54,3204166.34
C4267,Asia,Turkmenistan,Doméstico,426708829,1480,668.27,502.54,989039.6,743759.2
C9598,África,United Arab Emirates,Material de oficina,959855163,1328,651.21,524.96,864806.88,697146.88
C7067,Asia,Maldives,Doméstico,706778657,366,668.27,502.54,244586.82,183929.64
C9581,Europa,Romania,Doméstico,958153140,7661,668.27,502.54,5119616.47,3849958.94
C8249,África,Lebanon,Cosméticos,824964940,4313,437.2,263.33,1885643.6,1135742.29
C3885,Europa,Portugal,Cosméticos,388512885,8451,437.2,263.33,3694777.2,2225401.83
C2504,Europa,Bosnia and Herzegovina,Material de oficina,250408303,236,651.21,524.96,153685.56,123890.56
C1825,África,Iraq,Snacks,182575023,6861,152.58,97.44,1046851.38,668535.84
C4772,Europa,Moldova ,Ropa,477249372,7549,109.28,35.84,824954.72,270556.16
C5969,África,Liberia,Cereales,596980178,8556,205.7,117.11,1759969.2,1001993.16
C5246,África,Sudan,Alimento infantil,524628770,8166,255.28,159.42,2084616.48,1301823.72
C3133,África,Democratic Republic of the Congo,Cosméticos,313368976,1698,437.2,263.33,742365.6,447134.34
C5366,África,Morocco,Snacks,536687123,6501,152.58,97.44,991922.58,633457.44
C9383,Centroamérica y Caribe,Saint Vincent and the Grenadines,Frutas,938382041,6954,9.33,6.92,64880.82,48121.68
C8825,África,Pakistan,Doméstico,882565057,9468,668.27,502.54,6327180.36,4758048.72
C7036,Europa,Sweden,Cereales,703659999,7485,205.7,117.11,1539664.5,876568.35
C3564,Australia y Oceanía,Palau,Cuidado personal,356403195,6480,81.73,56.67,529610.4,367221.6
C7658,Europa,Poland,Cereales,765843474,8958,205.7,117.11,1842660.6,1049071.38
C6773,África,Equatorial Guinea,Cárnicos,677342164,9453,421.89,364.69,3988126.17,3447414.57
C7065,Australia y Oceanía,Kiribati,Doméstico,706573092,9535,668.27,502.54,6371954.45,4791718.9
C1895,Asia,Myanmar,Cereales,189522588,2800,205.7,117.11,575960,327908
C3324,Centroamérica y Caribe,Haiti,Doméstico,332489478,9880,668.27,502.54,6602507.6,4965095.2
C1620,África,Mauritius ,Snacks,162085092,3435,152.58,97.44,524112.3,334706.4
C5752,Europa,Luxembourg,Cereales,575233256,3158,205.7,117.11,649600.6,369833.38
C2891,Australia y Oceanía,Tonga,Ropa,289170300,773,109.28,35.84,84473.44,27704.32
C7914,Europa,Ukraine,Verduras,791445052,5033,154.06,90.93,775383.98,457650.69
C4899,África,Sudan,Snacks,489918839,6727,152.58,97.44,1026405.66,655478.88
C5627,Europa,France,Doméstico,562765491,3669,668.27,502.54,2451882.63,1843819.26
C9084,Asia,Laos,Ropa,908471333,5711,109.28,35.84,624098.08,204682.24
C5958,Centroamérica y Caribe,Dominica,Cosméticos,595835196,9730,437.2,263.33,4253956,2562200.9
C1139,Europa,Estonia,Snacks,113968408,4639,152.58,97.44,707818.62,452024.16
C9222,África,Afghanistan,Cuidado personal,922294795,6380,81.73,56.67,521437.4,361554.6
C5005,África,Eritrea,Frutas,500550687,2926,9.33,6.92,27299.58,20247.92
C8987,África,Oman,Cárnicos,898784911,9283,421.89,364.69,3916404.87,3385417.27
C1873,Centroamérica y Caribe,Cuba,Snacks,187358796,2486,152.58,97.44,379313.88,242235.84
C1069,África,Oman,Cereales,106946170,6603,205.7,117.11,1358237.1,773277.33
C2185,Europa,Luxembourg,Material de oficina,218533360,7733,651.21,524.96,5035806.93,4059515.68
C1534,África,Namibia,Material de oficina,153419196,9004,651.21,524.96,5863494.84,4726739.84
C9632,Asia,India,Frutas,963215005,5580,9.33,6.92,52061.4,38613.6
C1698,Australia y Oceanía,Palau,Verduras,169844615,9651,154.06,90.93,1486833.06,877565.43
C3155,Europa,Serbia,Cuidado personal,315544354,5441,81.73,56.67,444692.93,308341.47
C4128,África,Mauritania,Verduras,412863051,4206,154.06,90.93,647976.36,382451.58
C8946,Asia,Maldives,Frutas,894662034,9232,9.33,6.92,86134.56,63885.44
C4641,África,Liberia,Cuidado personal,464115130,836,81.73,56.67,68326.28,47376.12
C1447,Europa,Greece,Bebida,144708669,1366,47.45,31.79,64816.7,43425.14
C1302,Centroamérica y Caribe,Dominica,Frutas,130241477,202,9.33,6.92,1884.66,1397.84
C2348,Asia,Vietnam,Cereales,234824883,8756,205.7,117.11,1801109.2,1025415.16
C3428,Asia,Sri Lanka,Cereales,342882716,5470,205.7,117.11,1125179,640591.7
C8591,Europa,Portugal,Doméstico,859151303,818,668.27,502.54,546644.86,411077.72
C4586,Norteamérica,United States of America,Cárnicos,458679473,2304,421.89,364.69,972034.56,840245.76
C1368,Centroamérica y Caribe,Jamaica,Snacks,136828553,9464,152.58,97.44,1444017.12,922172.16
C9592,Europa,Cyprus,Alimento infantil,959272372,8867,255.28,159.42,2263567.76,1413577.14
C9119,África,Iran,Cereales,911997258,9110,205.7,117.11,1873927,1066872.1
C7513,Asia,Sri Lanka,Verduras,751302039,5824,154.06,90.93,897245.44,529576.32
C8537,Australia y Oceanía,East Timor,Snacks,853798043,6669,152.58,97.44,1017556.02,649827.36
C7664,África,Niger,Cárnicos,766409099,6338,421.89,364.69,2673938.82,2311405.22
C5563,Australia y Oceanía,Australia,Frutas,556371533,1555,9.33,6.92,14508.15,10760.6
C3612,África,Botswana,Alimento infantil,361234176,6075,255.28,159.42,1550826,968476.5
C8388,Europa,Portugal,Frutas,838858354,5683,9.33,6.92,53022.39,39326.36
C9174,Asia,South Korea,Bebida,917417895,3197,47.45,31.79,151697.65,101632.63
C9453,Asia,Philippines,Cárnicos,945399129,3466,421.89,364.69,1462270.74,1264015.54
C4416,Centroamérica y Caribe,Saint Vincent and the Grenadines,Cárnicos,441600883,8369,421.89,364.69,3530797.41,3052090.61
C3451,Centroamérica y Caribe,Panama,Verduras,345134484,1818,154.06,90.93,280081.08,165310.74
C7654,Europa,Italy,Cárnicos,765423762,4756,421.89,364.69,2006508.84,1734465.64
C5322,Asia,Tajikistan,Alimento infantil,532205045,154,255.28,159.42,39313.12,24550.68
C3455,Europa,Montenegro,Verduras,345527160,8020,154.06,90.93,1235561.2,729258.6
C5257,África,Sao Tome and Principe,Verduras,525751435,388,154.06,90.93,59775.28,35280.84
C5635,África,Somalia,Verduras,563551700,6326,154.06,90.93,974583.56,575223.18
C4699,Europa,Italy,Alimento infantil,469914281,6933,255.28,159.42,1769856.24,1105258.86
C3261,Europa,Poland,Cárnicos,326138007,339,421.89,364.69,143020.71,123629.91
C7338,Europa,Ukraine,Material de oficina,733834207,6704,651.21,524.96,4365711.84,3519331.84
C5649,Asia,Cambodia,Doméstico,564926707,3221,668.27,502.54,2152497.67,1618681.34
C1116,Europa,Bosnia and Herzegovina,Ropa,111651837,9115,109.28,35.84,996087.2,326681.6
C6365,Asia,Philippines,Verduras,636558425,639,154.06,90.93,98444.34,58104.27
C3225,Asia,Japan,Snacks,322507798,6079,152.58,97.44,927533.82,592337.76
C1226,Asia,Turkmenistan,Ropa,122673785,754,109.28,35.84,82397.12,27023.36
C6105,Europa,Andorra,Verduras,610542714,2012,154.06,90.93,309968.72,182951.16
C6299,África,Kenya,Alimento infantil,629913413,4232,255.28,159.42,1080344.96,674665.44
C4448,África,Mozambique,Ropa,444897210,3826,109.28,35.84,418105.28,137123.84
C3899,Australia y Oceanía,Solomon Islands,Snacks,389917933,4236,152.58,97.44,646328.88,412755.84
C4197,África,Democratic Republic of the Congo,Cosméticos,419711911,936,437.2,263.33,409219.2,246476.88
C5593,África,Uganda,Ropa,559327971,6431,109.28,35.84,702779.68,230487.04
C4541,Europa,Albania,Material de oficina,454127442,5257,651.21,524.96,3423410.97,2759714.72
C7197,Australia y Oceanía,Samoa ,Cereales,719784152,8981,205.7,117.11,1847391.7,1051764.91
C6922,Asia,Indonesia,Verduras,692284429,1201,154.06,90.93,185026.06,109206.93
C6779,África,South Africa,Snacks,677927100,2549,152.58,97.44,388926.42,248374.56
C6033,África,Malawi,Cereales,603323495,5684,205.7,117.11,1169198.8,665653.24
C4653,Europa,United Kingdom,Ropa,465397441,300,109.28,35.84,32784,10752
C7813,Centroamérica y Caribe,Jamaica,Alimento infantil,781385266,8119,255.28,159.42,2072618.32,1294330.98
C3388,Asia,Nepal,Material de oficina,338835799,7898,651.21,524.96,5143256.58,4146134.08
C2456,África,Mali,Alimento infantil,245610368,421,255.28,159.42,107472.88,67115.82
C7798,Asia,China,Alimento infantil,779882800,3506,255.28,159.42,895011.68,558926.52
C9401,África,Togo,Cuidado personal,940139424,7002,81.73,56.67,572273.46,396803.34
C6951,Australia y Oceanía,Solomon Islands,Doméstico,695179069,7790,668.27,502.54,5205823.3,3914786.6
C5341,África,Central African Republic,Frutas,534113061,4779,9.33,6.92,44588.07,33070.68
C1163,África,Swaziland,Cosméticos,116365230,3912,437.2,263.33,1710326.4,1030146.96
C5216,África,United Arab Emirates,Cereales,521671903,3164,205.7,117.11,650834.8,370536.04
C2000,Australia y Oceanía,Fiji,Bebida,200081908,7538,47.45,31.79,357678.1,239633.02
C8219,África,Swaziland,Cosméticos,821956574,4071,437.2,263.33,1779841.2,1072016.43
C5279,Europa,Vatican City,Verduras,527969729,6830,154.06,90.93,1052229.8,621051.9
C6791,Asia,Thailand,Bebida,679107701,1915,47.45,31.79,90866.75,60877.85
C9066,Europa,Georgia,Verduras,906669318,2454,154.06,90.93,378063.24,223142.22
C4622,África,Guinea-Bissau,Snacks,462265908,3610,152.58,97.44,550813.8,351758.4
C4678,Europa,Estonia,Snacks,467821300,7573,152.58,97.44,1155488.34,737913.12
C7655,África,Swaziland,Cosméticos,765571820,8569,437.2,263.33,3746366.8,2256474.77
C3680,Centroamérica y Caribe,Trinidad and Tobago,Cosméticos,368066298,7852,437.2,263.33,3432894.4,2067667.16
C6081,África,Ghana,Doméstico,608166062,8707,668.27,502.54,5818626.89,4375615.78
C1890,África,Djibouti,Ropa,189044940,1454,109.28,35.84,158893.12,52111.36
C1341,Australia y Oceanía,New Zealand,Cereales,134189260,8439,205.7,117.11,1735902.3,988291.29
C6373,África,Syria,Cuidado personal,637397849,9043,81.73,56.67,739084.39,512466.81
C6127,Europa,Albania,Ropa,612782037,4677,109.28,35.84,511102.56,167623.68
C8447,Asia,Taiwan,Material de oficina,844765651,3783,651.21,524.96,2463527.43,1985923.68
C8380,África,Ethiopia,Bebida,838085019,6836,47.45,31.79,324368.2,217316.44
C1677,Europa,United Kingdom,Snacks,167788970,1340,152.58,97.44,204457.2,130569.6
C7292,África,Cape Verde,Material de oficina,729238831,6830,651.21,524.96,4447764.3,3585476.8
C8881,África,Tanzania,Alimento infantil,888108432,9876,255.28,159.42,2521145.28,1574431.92
C4303,Centroamérica y Caribe,Trinidad and Tobago,Snacks,430384099,9074,152.58,97.44,1384510.92,884170.56
C1123,África,Togo,Cereales,112364661,55,205.7,117.11,11313.5,6441.05
C3106,Europa,Montenegro,Doméstico,310661447,480,668.27,502.54,320769.6,241219.2
C5721,Europa,Russia,Ropa,572198283,5042,109.28,35.84,550989.76,180705.28
C9642,Asia,Nepal,Cereales,964211499,464,205.7,117.11,95444.8,54339.04
C7242,África,Kenya,Doméstico,724249923,501,668.27,502.54,334803.27,251772.54
C5101,África,Zimbabwe,Alimento infantil,510174882,940,255.28,159.42,239963.2,149854.8
C1501,África,Turkey,Bebida,150160205,4596,47.45,31.79,218080.2,146106.84
C8926,Europa,Portugal,Bebida,892692220,6320,47.45,31.79,299884,200912.8
C4565,Centroamérica y Caribe,Costa Rica,Doméstico,456569755,7991,668.27,502.54,5340145.57,4015797.14
C6809,Norteamérica,Canada,Material de oficina,680904138,3520,651.21,524.96,2292259.2,1847859.2
C7751,Centroamérica y Caribe,Trinidad and Tobago,Doméstico,775119197,3850,668.27,502.54,2572839.5,1934779
C4689,África,Iran,Cárnicos,468951261,1954,421.89,364.69,824373.06,712604.26
C4624,África,Burundi,Material de oficina,462449157,7837,651.21,524.96,5103532.77,4114111.52
C1759,África,Cameroon,Cosméticos,175974214,3535,437.2,263.33,1545502,930871.55
C9002,Asia,Maldives,Cosméticos,900200259,8116,437.2,263.33,3548315.2,2137186.28
C8461,Centroamérica y Caribe,Nicaragua,Cereales,846113622,2678,205.7,117.11,550864.6,313620.58
C9950,Europa,Ukraine,Alimento infantil,995013129,5351,255.28,159.42,1366003.28,853056.42
C1485,África,Madagascar,Cuidado personal,148510110,6297,81.73,56.67,514653.81,356850.99
C7785,Australia y Oceanía,Australia,Ropa,778528392,2707,109.28,35.84,295820.96,97018.88
C4773,África,Somalia,Bebida,477304303,3805,47.45,31.79,180547.25,120960.95
C5073,Europa,San Marino,Snacks,507386672,5846,152.58,97.44,891982.68,569634.24
C8516,África,Turkey,Snacks,851636826,7117,152.58,97.44,1085911.86,693480.48
C6632,Centroamérica y Caribe,Grenada,Cárnicos,663228595,2934,421.89,364.69,1237825.26,1070000.46
C5156,Europa,Lithuania,Cereales,515648305,647,205.7,117.11,133087.9,75770.17
C1526,Australia y Oceanía,Papua New Guinea,Bebida,152694785,4635,47.45,31.79,219930.75,147346.65
C7384,Europa,Serbia,Cereales,738479363,1309,205.7,117.11,269261.3,153296.99
C8074,Europa,Ukraine,Snacks,807425868,4112,152.58,97.44,627408.96,400673.28
C3142,Norteamérica,Greenland,Bebida,314270627,8517,47.45,31.79,404131.65,270755.43
C1840,Europa,Lithuania,Doméstico,184062469,7030,668.27,502.54,4697938.1,3532856.2
C9621,África,South Sudan,Cuidado personal,962162721,4185,81.73,56.67,342040.05,237163.95
C5642,Asia,Maldives,Ropa,564245212,1552,109.28,35.84,169602.56,55623.68
C1262,Asia,Kazakhstan,Doméstico,126296269,2728,668.27,502.54,1823040.56,1370929.12
C8546,África,Kuwait,Cosméticos,854614722,8343,437.2,263.33,3647559.6,2196962.19
C8758,África,Rwanda,Cuidado personal,875811898,1058,81.73,56.67,86470.34,59956.86
C1868,África,Cameroon,Cuidado personal,186811625,566,81.73,56.67,46259.18,32075.22
C2048,Europa,Czech Republic,Cárnicos,204850232,8591,421.89,364.69,3624456.99,3133051.79
C6174,África,Equatorial Guinea,Doméstico,617476546,3887,668.27,502.54,2597565.49,1953372.98
C7325,África,Liberia,Frutas,732551896,7240,9.33,6.92,67549.2,50100.8
C8282,África,The Gambia,Cuidado personal,828250110,6468,81.73,56.67,528629.64,366541.56
C8030,África,Liberia,Cuidado personal,803057515,1419,81.73,56.67,115974.87,80414.73
C6257,Europa,Monaco,Material de oficina,625772941,8974,651.21,524.96,5843958.54,4710991.04
C7855,Asia,Thailand,Snacks,785507714,8043,152.58,97.44,1227200.94,783709.92
C9416,África,Cape Verde,Bebida,941685664,4569,47.45,31.79,216799.05,145248.51
C3740,África,Rwanda,Frutas,374043118,6526,9.33,6.92,60887.58,45159.92
C2326,África,Chad,Cuidado personal,232628905,8917,81.73,56.67,728786.41,505326.39
C3878,África,Turkey,Cuidado personal,387804353,8781,81.73,56.67,717671.13,497619.27
C7802,África,Tanzania,Ropa,780243289,183,109.28,35.84,19998.24,6558.72
C9709,África,Togo,Cuidado personal,970932042,9222,81.73,56.67,753714.06,522610.74
C5911,Australia y Oceanía,Marshall Islands,Cárnicos,591169440,9029,421.89,364.69,3809244.81,3292786.01
C6925,Centroamérica y Caribe,Cuba,Doméstico,692566812,4765,668.27,502.54,3184306.55,2394603.1
C5970,África,Guinea-Bissau,Material de oficina,597047984,8621,651.21,524.96,5614081.41,4525680.16
C1468,Europa,Georgia,Bebida,146849286,4822,47.45,31.79,228803.9,153291.38
C1545,Centroamérica y Caribe,The Bahamas,Frutas,154519546,4622,9.33,6.92,43123.26,31984.24
C1529,Europa,Ukraine,Frutas,152920091,1308,9.33,6.92,12203.64,9051.36
C6452,África,Djibouti,Cereales,645224750,5197,205.7,117.11,1069022.9,608620.67
C8549,Centroamérica y Caribe,Honduras,Material de oficina,854919850,8637,651.21,524.96,5624500.77,4534079.52
C9758,Australia y Oceanía,Palau,Cereales,975804221,1008,205.7,117.11,207345.6,118046.88
C8219,Europa,Portugal,Doméstico,821989190,3723,668.27,502.54,2487969.21,1870956.42
C2778,África,Iraq,Alimento infantil,277898585,5222,255.28,159.42,1333072.16,832491.24
C6482,Asia,Philippines,Verduras,648268735,5979,154.06,90.93,921124.74,543670.47
C6081,Centroamérica y Caribe,Barbados,Frutas,608148467,3501,9.33,6.92,32664.33,24226.92
C2528,África,Mozambique,Cereales,252899110,7321,205.7,117.11,1505929.7,857362.31
C6481,Europa,Vatican City,Frutas,648194491,4009,9.33,6.92,37403.97,27742.28
C6800,África,Kuwait,Snacks,680020940,2163,152.58,97.44,330030.54,210762.72
C2046,África,Gabon,Alimento infantil,204677283,7411,255.28,159.42,1891880.08,1181461.62
C4987,Asia,Brunei,Ropa,498774850,7417,109.28,35.84,810529.76,265825.28
C2092,África,Iran,Frutas,209237468,6871,9.33,6.92,64106.43,47547.32
C3033,Europa,Czech Republic,Cosméticos,303301465,2498,437.2,263.33,1092125.6,657798.34
C9185,Australia y Oceanía,Nauru,Cárnicos,918515670,8053,421.89,364.69,3397480.17,2936848.57
C9127,Europa,Monaco,Snacks,912741410,9321,152.58,97.44,1422198.18,908238.24
C1141,Europa,Vatican City,Cereales,114152514,9121,205.7,117.11,1876189.7,1068160.31
C6712,África,Swaziland,Cuidado personal,671235311,2300,81.73,56.67,187979,130341
C3027,Centroamérica y Caribe,Barbados,Alimento infantil,302788627,738,255.28,159.42,188396.64,117651.96
C8479,Europa,Slovakia,Cuidado personal,847923791,8347,81.73,56.67,682200.31,473024.49
C6160,Australia y Oceanía,Tuvalu,Alimento infantil,616064631,6070,255.28,159.42,1549549.6,967679.4
C2369,Europa,Austria,Frutas,236947476,6879,9.33,6.92,64181.07,47602.68
C4106,Australia y Oceanía,Tonga,Doméstico,410621154,779,668.27,502.54,520582.33,391478.66
C5574,Centroamérica y Caribe,Dominica,Frutas,557446992,9807,9.33,6.92,91499.31,67864.44
C1680,Australia y Oceanía,Samoa ,Cosméticos,168098819,3031,437.2,263.33,1325153.2,798153.23
C1535,Australia y Oceanía,Kiribati,Verduras,153562963,1548,154.06,90.93,238484.88,140759.64
C5951,Centroamérica y Caribe,Panama,Ropa,595138251,3489,109.28,35.84,381277.92,125045.76
C2944,Asia,Uzbekistan,Alimento infantil,294436013,9014,255.28,159.42,2301093.92,1437011.88
C8233,África,Swaziland,Alimento infantil,823380076,5317,255.28,159.42,1357323.76,847636.14
C6742,África,Saudi Arabia,Frutas,674206769,1620,9.33,6.92,15114.6,11210.4
C2094,África,Zambia,Material de oficina,209464919,4179,651.21,524.96,2721406.59,2193807.84
C3120,Norteamérica,Greenland,Alimento infantil,312015855,1280,255.28,159.42,326758.4,204057.6
C1350,Asia,Turkmenistan,Cárnicos,135033404,8240,421.89,364.69,3476373.6,3005045.6
C2520,Centroamérica y Caribe,El Salvador,Alimento infantil,252003896,2408,255.28,159.42,614714.24,383883.36
C4067,África,Pakistan,Alimento infantil,406726157,8163,255.28,159.42,2083850.64,1301345.46
C8633,África,Libya,Cuidado personal,863311517,1917,81.73,56.67,156676.41,108636.39
C1561,Asia,Taiwan,Bebida,156183803,7113,47.45,31.79,337511.85,226122.27
C9400,Europa,Macedonia,Bebida,940079343,9223,47.45,31.79,437631.35,293199.17
C5400,Australia y Oceanía,Solomon Islands,Doméstico,540046966,753,668.27,502.54,503207.31,378412.62
C4014,Norteamérica,Mexico,Bebida,401447999,6239,47.45,31.79,296040.55,198337.81
C2399,África,Somalia,Cuidado personal,239956271,7248,81.73,56.67,592379.04,410744.16
C2915,Asia,Taiwan,Frutas,291558110,7379,9.33,6.92,68846.07,51062.68
C8625,Centroamérica y Caribe,Cuba,Doméstico,862552344,7261,668.27,502.54,4852308.47,3648942.94
C9795,Australia y Oceanía,Federated States of Micronesia,Frutas,979550302,9557,9.33,6.92,89166.81,66134.44
C6394,Australia y Oceanía,Australia,Doméstico,639475810,3958,668.27,502.54,2645012.66,1989053.32
C3595,Asia,Myanmar,Cereales,359565198,2187,205.7,117.11,449865.9,256119.57
C7273,Europa,Montenegro,Cereales,727367293,3001,205.7,117.11,617305.7,351447.11
C1507,África,Nigeria,Ropa,150743424,7184,109.28,35.84,785067.52,257474.56
C7078,Centroamérica y Caribe,The Bahamas,Verduras,707867419,2555,154.06,90.93,393623.3,232326.15
C4972,África,Ethiopia,Snacks,497225606,8961,152.58,97.44,1367269.38,873159.84
C3876,Australia y Oceanía,Nauru,Verduras,387616813,3283,154.06,90.93,505778.98,298523.19
C8681,Centroamérica y Caribe,Haiti,Doméstico,868152368,4433,668.27,502.54,2962440.91,2227759.82
C6982,Centroamérica y Caribe,Antigua and Barbuda ,Snacks,698256099,8351,152.58,97.44,1274195.58,813721.44
C9576,Europa,Slovenia,Cárnicos,957664334,3013,421.89,364.69,1271154.57,1098810.97
C9964,Norteamérica,Greenland,Material de oficina,996425902,3422,651.21,524.96,2228440.62,1796413.12
C6849,África,Burundi,Cosméticos,684902131,6615,437.2,263.33,2892078,1741927.95
C8637,Europa,Czech Republic,Material de oficina,863766849,6660,651.21,524.96,4337058.6,3496233.6
C1940,África,Equatorial Guinea,Material de oficina,194006383,9655,651.21,524.96,6287432.55,5068488.8
C1069,Centroamérica y Caribe,Dominican Republic,Ropa,106919562,8729,109.28,35.84,953905.12,312847.36
C7541,Europa,Poland,Cuidado personal,754117715,9045,81.73,56.67,739247.85,512580.15
C5575,Europa,Albania,Frutas,557524669,2794,9.33,6.92,26068.02,19334.48
C2593,África,Sudan,Snacks,259376752,4200,152.58,97.44,640836,409248
C6722,Norteamérica,Canada,Cárnicos,672222793,4517,421.89,364.69,1905677.13,1647304.73
C4289,Europa,Czech Republic,Cereales,428924119,7033,205.7,117.11,1446688.1,823634.63
C9326,África,Madagascar,Doméstico,932654559,2065,668.27,502.54,1379977.55,1037745.1
C5069,Europa,Estonia,Bebida,506900441,1960,47.45,31.79,93002,62308.4
C2454,África,Ethiopia,Ropa,245460593,6099,109.28,35.84,666498.72,218588.16
C8624,África,Republic of the Congo,Snacks,862446343,5893,152.58,97.44,899153.94,574213.92
C4422,Europa,Croatia,Doméstico,442281520,9785,668.27,502.54,6539021.95,4917353.9
C2897,Europa,Switzerland,Bebida,289702451,8248,47.45,31.79,391367.6,262203.92
C8797,África,Angola,Bebida,879757964,8787,47.45,31.79,416943.15,279338.73
C5078,Asia,Cambodia,Cereales,507809388,937,205.7,117.11,192740.9,109732.07
C2395,África,Pakistan,Doméstico,239530551,1268,668.27,502.54,847366.36,637220.72
C7609,África,Malawi,Alimento infantil,760907781,8376,255.28,159.42,2138225.28,1335301.92
C1282,África,Botswana,Cereales,128239905,7893,205.7,117.11,1623590.1,924349.23
C5181,Centroamérica y Caribe,Saint Vincent and the Grenadines,Alimento infantil,518138253,7478,255.28,159.42,1908983.84,1192142.76
C5775,Australia y Oceanía,Kiribati,Snacks,577526652,1825,152.58,97.44,278458.5,177828
C3736,Centroamérica y Caribe,Honduras,Material de oficina,373641431,7657,651.21,524.96,4986314.97,4019618.72
C9440,África,Israel,Cárnicos,944031417,8730,421.89,364.69,3683099.7,3183743.7
C2465,Asia,Brunei,Bebida,246557939,828,47.45,31.79,39288.6,26322.12
C8093,África,Senegal,Material de oficina,809394824,6770,651.21,524.96,4408691.7,3553979.2
C2810,Europa,Iceland,Verduras,281028401,1404,154.06,90.93,216300.24,127665.72
C8802,Centroamérica y Caribe,Haiti,Material de oficina,880257499,6610,651.21,524.96,4304498.1,3469985.6
C8461,Europa,Switzerland,Alimento infantil,846193444,6299,255.28,159.42,1608008.72,1004186.58
C2882,Europa,Italy,Cárnicos,288260066,1414,421.89,364.69,596552.46,515671.66
C7361,Europa,Romania,Cereales,736193692,4928,205.7,117.11,1013689.6,577118.08
C1900,Europa,Georgia,Cereales,190043151,6846,205.7,117.11,1408222.2,801735.06
C7701,Norteamérica,United States of America,Cárnicos,770169770,9205,421.89,364.69,3883497.45,3356971.45
C1672,Australia y Oceanía,Kiribati,Material de oficina,167247378,1071,651.21,524.96,697445.91,562232.16
C1922,Europa,Bosnia and Herzegovina,Snacks,192262303,3543,152.58,97.44,540590.94,345229.92
C9265,África,Mauritius ,Cuidado personal,926513373,4751,81.73,56.67,388299.23,269239.17
C2716,Norteamérica,Greenland,Cárnicos,271611917,4857,421.89,364.69,2049119.73,1771299.33
C6994,África,Zimbabwe,Material de oficina,699481761,1052,651.21,524.96,685072.92,552257.92
C7023,Europa,Belgium,Ropa,702359235,2560,109.28,35.84,279756.8,91750.4
C6427,Europa,Luxembourg,Verduras,642793166,5637,154.06,90.93,868436.22,512572.41
C5036,África,Sudan,Material de oficina,503644883,8568,651.21,524.96,5579567.28,4497857.28
C3380,África,Cote d'Ivoire,Cuidado personal,338088214,6670,81.73,56.67,545139.1,377988.9
C7196,África,Rwanda,Cereales,719609487,7293,205.7,117.11,1500170.1,854083.23
C4920,Norteamérica,Mexico,Verduras,492007529,4816,154.06,90.93,741952.96,437918.88
C8193,Australia y Oceanía,Tuvalu,Verduras,819393670,5651,154.06,90.93,870593.06,513845.43
C2361,África,Guinea-Bissau,Frutas,236191737,3239,9.33,6.92,30219.87,22413.88
C4971,Europa,Greece,Cereales,497138059,3054,205.7,117.11,628207.8,357653.94
C7272,Centroamérica y Caribe,Haiti,Bebida,727281463,7601,47.45,31.79,360667.45,241635.79
C5719,África,Yemen,Cárnicos,571983277,1417,421.89,364.69,597818.13,516765.73
C6469,Europa,Russia,Cuidado personal,646917331,6069,81.73,56.67,496019.37,343930.23
C2880,África,Tunisia ,Alimento infantil,288069951,5155,255.28,159.42,1315968.4,821810.1
C7017,Asia,India,Verduras,701739966,9305,154.06,90.93,1433528.3,846103.65
C9145,Asia,Taiwan,Cereales,914538705,1181,205.7,117.11,242931.7,138306.91
C9233,África,Morocco,Snacks,923389995,474,152.58,97.44,72322.92,46186.56
C3455,África,Zimbabwe,Bebida,345530164,8909,47.45,31.79,422732.05,283217.11
C6685,África,Lebanon,Ropa,668508040,5240,109.28,35.84,572627.2,187801.6
C3001,Australia y Oceanía,Federated States of Micronesia,Material de oficina,300184953,253,651.21,524.96,164756.13,132814.88
C4187,Europa,Macedonia,Frutas,418734729,1766,9.33,6.92,16476.78,12220.72
C9226,África,Ghana,Cosméticos,922643697,9628,437.2,263.33,4209361.6,2535341.24
C8807,Norteamérica,Greenland,Material de oficina,880710685,718,651.21,524.96,467568.78,376921.28
C7820,África,Bahrain,Doméstico,782047021,3947,668.27,502.54,2637661.69,1983525.38
C2860,Europa,Serbia,Alimento infantil,286076533,5258,255.28,159.42,1342262.24,838230.36
C4725,África,Lebanon,Alimento infantil,472535550,2625,255.28,159.42,670110,418477.5
C6914,Europa,Monaco,Cárnicos,691472899,1052,421.89,364.69,443828.28,383653.88
C8132,África,Iran,Alimento infantil,813249909,7575,255.28,159.42,1933746,1207606.5
C7785,África,Mauritius ,Frutas,778540408,6263,9.33,6.92,58433.79,43339.96
C1483,Centroamérica y Caribe,Saint Kitts and Nevis ,Cárnicos,148330724,3212,421.89,364.69,1355110.68,1171384.28
C3539,Europa,Bulgaria,Frutas,353919684,1554,9.33,6.92,14498.82,10753.68
C6469,Europa,Italy,Ropa,646918618,6450,109.28,35.84,704856,231168
C3492,África,Namibia,Verduras,349251353,91,154.06,90.93,14019.46,8274.63
C2031,Europa,San Marino,Bebida,203154218,6702,47.45,31.79,318009.9,213056.58
C1211,Centroamérica y Caribe,The Bahamas,Bebida,121176040,7538,47.45,31.79,357678.1,239633.02
C5361,África,Lebanon,Alimento infantil,536178147,5884,255.28,159.42,1502067.52,938027.28
C1513,Australia y Oceanía,Australia,Verduras,151334369,2058,154.06,90.93,317055.48,187133.94
C8901,Asia,Tajikistan,Cuidado personal,890131032,8408,81.73,56.67,687185.84,476481.36
C2463,Centroamérica y Caribe,El Salvador,Doméstico,246366965,4315,668.27,502.54,2883585.05,2168460.1
C7341,Asia,Indonesia,Cereales,734153497,1189,205.7,117.11,244577.3,139243.79
C4379,Europa,Sweden,Cuidado personal,437914454,7473,81.73,56.67,610768.29,423494.91
C6623,Australia y Oceanía,Tonga,Doméstico,662386167,3641,668.27,502.54,2433171.07,1829748.14
C9826,África,Mozambique,Ropa,982617461,7198,109.28,35.84,786597.44,257976.32
C5939,Europa,Andorra,Cosméticos,593969666,7678,437.2,263.33,3356821.6,2021847.74
C5621,Australia y Oceanía,Solomon Islands,Verduras,562116611,1651,154.06,90.93,254353.06,150125.43
C6730,Europa,Romania,Verduras,673044621,7715,154.06,90.93,1188572.9,701524.95
C7830,Centroamérica y Caribe,Saint Vincent and the Grenadines,Material de oficina,783052527,1499,651.21,524.96,976163.79,786915.04
C3687,Europa,France,Cárnicos,368751657,664,421.89,364.69,280134.96,242154.16
C7770,África,The Gambia,Doméstico,777065837,9904,668.27,502.54,6618546.08,4977156.16
C2752,Australia y Oceanía,Samoa ,Snacks,275231397,5941,152.58,97.44,906477.78,578891.04
C8007,Europa,Serbia,Ropa,800797164,2531,109.28,35.84,276587.68,90711.04
C3116,Centroamérica y Caribe,Saint Vincent and the Grenadines,Cosméticos,311624467,5460,437.2,263.33,2387112,1437781.8
C4358,África,Syria,Bebida,435887134,7544,47.45,31.79,357962.8,239823.76
C6220,Australia y Oceanía,Australia,Verduras,622071492,3633,154.06,90.93,559699.98,330348.69
C3889,África,Cote d'Ivoire,Cosméticos,388976371,5607,437.2,263.33,2451380.4,1476491.31
C6757,Centroamérica y Caribe,Dominican Republic,Cuidado personal,675713098,7376,81.73,56.67,602840.48,417997.92
C6917,África,Rwanda,Frutas,691705501,9884,9.33,6.92,92217.72,68397.28
C1666,África,Chad,Cosméticos,166689908,6103,437.2,263.33,2668231.6,1607102.99
C7007,África,Kenya,Doméstico,700715148,6039,668.27,502.54,4035682.53,3034839.06
C8141,Centroamérica y Caribe,Belize,Bebida,814142549,1727,47.45,31.79,81946.15,54901.33
C8976,Australia y Oceanía,Palau,Snacks,897645938,2236,152.58,97.44,341168.88,217875.84
C9622,África,Equatorial Guinea,Material de oficina,962211644,8663,651.21,524.96,5641432.23,4547728.48
C1891,Asia,Kyrgyzstan,Doméstico,189138495,9139,668.27,502.54,6107319.53,4592713.06
C9800,Asia,Bangladesh,Frutas,980037820,3824,9.33,6.92,35677.92,26462.08
C4068,Asia,Bhutan,Alimento infantil,406833446,9912,255.28,159.42,2530335.36,1580171.04
C5617,Europa,Macedonia,Cárnicos,561761701,6626,421.89,364.69,2795443.14,2416435.94
C9073,Australia y Oceanía,Samoa ,Verduras,907371413,220,154.06,90.93,33893.2,20004.6
C5265,Europa,Austria,Bebida,526523911,8981,47.45,31.79,426148.45,285505.99
C3723,Europa,Italy,Bebida,372393023,8226,47.45,31.79,390323.7,261504.54
C1184,África,Bahrain,Material de oficina,118465077,5304,651.21,524.96,3454017.84,2784387.84
C4085,Australia y Oceanía,Australia,Snacks,408538901,4594,152.58,97.44,700952.52,447639.36
C6067,África,Nigeria,Cosméticos,606725823,2509,437.2,263.33,1096934.8,660694.97
C1474,Europa,Spain,Ropa,147449672,2489,109.28,35.84,271997.92,89205.76
C7854,Europa,Hungary,Cárnicos,785446774,10,421.89,364.69,4218.9,3646.9
C7457,Europa,Bosnia and Herzegovina,Verduras,745765960,7575,154.06,90.93,1167004.5,688794.75
C5737,Asia,South Korea,Cosméticos,573768556,9721,437.2,263.33,4250021.2,2559830.93
C8851,África,The Gambia,Snacks,885128390,8015,152.58,97.44,1222928.7,780981.6
C1158,Europa,Norway,Bebida,115831792,6056,47.45,31.79,287357.2,192520.24
C3721,Norteamérica,Mexico,Frutas,372177588,4474,9.33,6.92,41742.42,30960.08
C6807,Europa,France,Cosméticos,680777108,5930,437.2,263.33,2592596,1561546.9
C1385,Centroamérica y Caribe,Belize,Frutas,138554179,115,9.33,6.92,1072.95,795.8
C1627,África,Malawi,Bebida,162745130,8755,47.45,31.79,415424.75,278321.45
C4408,Asia,India,Cuidado personal,440898787,604,81.73,56.67,49364.92,34228.68
C2808,Asia,Tajikistan,Frutas,280876481,6447,9.33,6.92,60150.51,44613.24
C8608,Europa,Finland,Verduras,860852038,4103,154.06,90.93,632108.18,373085.79
C2793,África,Rwanda,Ropa,279311788,3420,109.28,35.84,373737.6,122572.8
